,Genus,Species,Clade,SubClade,SubClade_Frat,PC1,PC2,PC3,PC4,PC5,PC6,PC7,PC8,PC9,PC10,PC11,PC12,PC13,PC14,PC15,PC16,PC17,PC18,PC19,PC20,PC21,PC22,PC23,PC24,PC25,PC26,PC27,PC28,PC29,PC30,PC31,PC32,PC33,PC34,PC35,PC36,Csize
B_and_1,Bunomys,Bunomys_andrewsi,Bunomys,Bunomys,Bunomys,-0.010976023,-0.018084782,1.54E-04,-0.014210289,0.013273813,0.009623127,-0.061894315,0.026552061,-0.011556171,0.030612955,-0.009936907,0.022832446,-0.048104735,0.009642257,-0.0049093,0.009911951,-0.039855893,0.014373797,-0.009612091,0.003611849,-0.008352741,-0.002766663,0.003056843,0.004431613,-0.001158873,-0.003096741,-0.004207738,-0.010418205,0.006906451,-0.005140163,-0.01336819,0.002937312,0.001534102,3.41E-04,4.46E-05,0.00334014,88.95971281
B_and_7,Bunomys,Bunomys_andrewsi,Bunomys,Bunomys,Bunomys,-0.01332044,-0.020343485,-0.007645479,-0.006823178,0.016765189,-0.011818656,-0.003873759,0.001095478,-0.00447476,0.001134983,-0.012373804,7.07E-04,0.004342649,0.013603169,-0.001481821,0.011600659,0.005402838,-0.011480315,0.004107338,-0.004591548,-0.00290003,0.009680621,0.008507438,0.002553208,-0.014717886,7.78E-05,-0.01140695,0.002532637,-0.004133365,-0.008023542,0.006650737,0.010887158,-0.013283364,0.002655262,-6.81E-04,0.003722248,99.42893058
B_chr_0,Bunomys,Bunomys_chrysocomus,Bunomys,Bunomys,Bunomys,-0.017024557,0.002032385,-0.003577499,0.001377779,0.004418388,-0.001677263,-0.013410002,4.53E-04,0.002557594,0.012718202,1.17E-04,0.001645512,-0.00677354,0.014320133,0.015918101,0.011695164,0.012165225,-0.016752212,-0.012057631,-0.011253268,0.011812383,-3.39E-04,-0.0050409,-0.020934227,-0.006952285,-0.001838598,0.00563956,-0.001443045,0.004850916,0.011420636,0.004106676,0.001985112,0.005796689,0.003324871,-0.006938808,-0.013126061,92.65886923
B_chr_9,Bunomys,Bunomys_chrysocomus,Bunomys,Bunomys,Bunomys,-0.018945212,-0.009346834,-5.57E-04,-0.006327806,0.019001343,-6.98E-04,-0.014609648,0.008971494,-3.30E-05,0.006204878,-0.001510802,0.008307326,-0.004234671,0.020270502,0.01673534,-6.65E-04,0.016164138,0.009472444,-0.010278246,-0.010091324,-0.005940735,5.46E-04,0.004365757,-0.005058649,8.45E-04,-0.008542564,-0.009316198,0.011348836,0.001616416,0.001709925,-0.003419322,0.005400497,-0.0031269,0.001673813,9.28E-05,-0.003799684,92.456655
B_fra_1,Bunomys,Bunomys_fratrorum,Bunomys,Taeromys,Frateromys,-0.005175124,-0.034792896,-0.004187928,-0.019993847,0.023661286,-0.006104337,0.008656674,-0.00549898,0.008889833,0.005864506,0.001428674,-0.00855347,-0.018453969,0.008243795,0.001312844,0.005778426,0.007962986,0.009996224,0.006277196,9.56E-04,0.008193265,0.010484461,-0.008289872,-0.004737551,-0.001601551,0.015490989,0.026431219,0.0039027,0.022845943,3.89E-04,0.009045742,-0.011928927,-0.015764088,0.004966332,0.015481046,0.003152837,112.3631984
B_fra_8,Bunomys,Bunomys_fratrorum,Bunomys,Taeromys,Frateromys,-3.01E-04,-0.035177107,-0.012697455,-0.013541433,0.025612125,-0.004759985,-0.002240987,-0.002642935,0.008850314,-0.001162046,0.004273056,0.00136719,-7.89E-04,0.004832159,0.012546954,-0.006537852,-0.006180375,-0.007700151,3.05E-04,-0.001625069,-0.011917309,0.002019714,0.003850598,-0.005500472,-0.00492098,0.009488064,-0.009036683,-7.47E-04,-3.82E-04,0.008551159,0.004558346,-0.007225454,0.005955109,-0.008888882,0.004233201,-0.009524118,109.6322884
B_kar_1,Bunomys,Bunomys_karokophilus,Bunomys,Bunomys,Bunomys,-0.001145216,-0.01803129,0.004352769,-0.007980486,0.003857585,-4.04E-04,-0.006917528,-5.95E-04,0.002850866,0.006745652,-0.002778638,-0.001085054,0.005411816,0.004338425,0.006055179,0.008462338,0.00570393,-0.008436582,0.007150521,-0.006347711,-0.007849272,0.009206482,-8.98E-04,-2.12E-06,-0.016303828,0.00760322,-8.94E-04,0.003201684,0.00698308,-0.00193433,0.00224815,-0.003308283,0.006137549,-0.007746997,-0.008181869,0.002621099,98.72839471
B_kar_9,Bunomys,Bunomys_karokophilus,Bunomys,Bunomys,Bunomys,0.001493594,-0.005634339,-0.005763589,-0.009550566,4.19E-05,-4.71E-04,-0.002754265,-0.002961678,0.003529253,0.00708486,0.002138114,0.005863167,0.005315667,0.004247894,-1.69E-04,0.016705943,0.003474285,-0.004870826,0.00626406,-8.67E-04,-0.010491217,0.008654442,-0.001892997,0.002598029,-0.014949694,-8.18E-05,-0.005955982,-0.001957241,-6.67E-04,-0.005012298,0.009220149,-0.003997939,0.005087566,-0.003390356,-0.006066676,0.001745802,101.0469159
B_pen_0,Bunomys,Bunomys_penitus,Bunomys,Bunomys,Bunomys,-0.005756943,-0.019717958,-0.002011033,0.002242595,0.026860764,-0.003730402,3.61E-04,0.00421531,0.005226312,-0.00180593,-0.003832053,-0.005601004,0.021252456,0.006849815,0.003435303,-0.015058942,-0.008785664,-0.021518285,-0.010088683,-0.020893382,-0.012437616,-7.50E-04,0.006184805,0.019398284,-0.009282064,-0.002888769,0.006945955,-0.012265876,0.012598721,0.005298039,-0.007440932,0.001725994,0.004319576,0.004653003,0.003131458,-3.77E-04,110.5262005
C_cel_0,Crunomys,Crunomys_celebensis,Crunomys,Crunomys,Crunomys,-0.01806646,0.019060438,0.030569233,-0.008728421,0.013968784,-0.090492268,-6.57E-04,-0.068377853,-0.050763219,0.037807094,0.001888219,0.008191093,0.004847203,-0.013961352,-0.008052204,-0.00464648,-0.00402938,-0.001759993,-0.005517256,0.006518788,0.004027504,0.00357269,0.00410275,0.003143564,0.005146118,-0.002847901,-0.003673558,-0.001923811,0.001385385,0.00336928,0.001071994,-2.27E-04,3.14E-04,1.82E-04,-9.14E-04,-8.37E-04,73.32965964
C_cel_7,Crunomys,Crunomys_celebensis,Crunomys,Crunomys,Crunomys,-0.015880947,0.047067553,0.021167979,-0.029232897,0.014604577,-0.003291574,8.26E-04,0.001682683,-0.011548186,-0.024056803,-0.023331441,0.009038737,-0.003575834,0.042932699,-0.019606314,0.002145298,0.015440062,-0.002961948,0.020790248,0.005270597,-0.003251673,-0.015142753,-0.012201157,-0.008023191,0.015243008,0.005035405,-0.009784789,-0.019720994,-0.003958938,0.003349549,0.002506066,0.00146657,-1.70E-04,0.004649922,6.31E-04,-0.006047912,84.48440075
E_can_0,Eropeplus,Eropeplus_canus,Bunomys,Taeromys,Taeromys,0.038739023,-0.02493082,0.022183761,0.008013154,0.009767931,0.011856888,0.012443047,-0.005189843,0.002428445,0.003503815,0.003409899,-0.01764853,-7.34E-04,0.003308372,-0.007687602,6.47E-04,0.009713506,0.006948865,-0.001901414,-0.005563551,-0.006416891,-0.009217816,0.010551551,-0.00164545,4.03E-04,-0.005202172,0.001264066,0.009333779,-0.001523559,-0.009821232,-0.00519914,0.003142034,0.017489207,0.004013836,0.008238325,0.001141347,125.8436327
E_can_4,Eropeplus,Eropeplus_canus,Bunomys,Taeromys,Taeromys,0.039977689,-0.031062953,-0.006933525,-0.009439047,-0.003804946,-0.002438115,0.007345512,-0.011455304,0.006906323,0.010572798,0.006542093,-0.020491995,-0.001638682,0.010304121,0.009271586,-0.005448893,-0.004646339,0.011143821,-0.006373252,-0.002360395,-8.70E-04,0.009473694,0.006797661,-0.006822631,0.007090794,0.005868487,-6.17E-04,-0.006274772,0.002010043,-0.00882462,0.001553821,-0.008323733,0.004891803,-0.007792159,0.002341006,-0.007489851,118.5623515
E_cen_3,Echiothrix,Echiothrix_centrosa,Echiothrix,Echiothrix,Echiothrix,-0.052269161,-0.061157447,-0.009435462,-0.003908782,-0.012249967,-0.012589009,-0.003138557,0.005786718,-0.018494673,-0.013914552,0.013244396,-0.006154976,0.015232969,0.001528646,0.017497269,-0.002706096,-0.010242515,-0.004063098,-0.001021468,-0.01170234,-0.018914738,-0.005356203,-0.013923168,-0.011241022,0.018993846,-0.013668572,-0.001543407,-0.008377673,-0.005590048,-0.0025345,0.006534048,0.002819015,-0.009565903,0.003859372,0.003552217,0.005464266,128.059126
E_leu_0,Echiothrix,Echiothrix_leucura,Echiothrix,Echiothrix,Echiothrix,-0.046856132,-0.055146131,-0.018409006,0.001498527,-0.02663555,-0.011070456,-0.010562057,0.009652247,-0.015036294,-0.007355697,0.012275505,-0.01183149,0.019553579,-0.00283071,0.018710774,0.010143018,-0.003792232,8.90E-05,-0.00813015,-0.007541645,0.005771957,-0.010233157,-0.010474244,-0.007800655,0.005034374,0.001216763,-0.004789207,-0.003722314,0.002304759,-0.014579724,-5.92E-04,0.007032982,0.002272337,-0.00540884,-0.003518832,-0.002673006,121.9595017
E_leu_3,Echiothrix,Echiothrix_leucura,Echiothrix,Echiothrix,Echiothrix,-0.047931373,-0.07555434,-0.026348755,-0.003979176,-0.045888338,-0.008372518,0.023393794,0.026166245,-0.050639316,-0.029301491,0.008805541,0.021592669,0.010108389,0.005610967,-0.001606238,0.008758413,-0.016919762,0.002833626,0.014082652,0.005694303,0.006323671,-0.004094131,0.002983033,9.75E-04,-0.010460753,0.002257041,0.005306997,0.014000923,0.010551918,0.009265743,-0.001700327,3.14E-04,0.013202952,0.008403819,0.005448711,-5.28E-04,117.3108841
G_rad_5,Gracillimus,Gracillimus_radix,Echiothrix,Echiothrix,Echiothrix,-0.033307684,0.075696431,0.037462786,-0.019383669,-0.001907967,-0.010025328,0.017407911,0.030019311,-0.009815414,-0.025227734,0.02095563,0.026852532,0.003190195,-0.003092887,-0.043867498,-0.005836045,0.005252137,-0.007175367,-0.020513436,-0.01938583,0.003327729,6.70E-04,0.008880698,-0.014941636,-0.006971719,0.00992374,0.00119851,0.002466601,0.00596684,-0.013338676,-0.008436336,-0.003007939,-0.004525014,-0.00223636,-1.15E-04,-2.43E-04,71.95317174
H_min_2,Haeromys,Haeromys_minahassae,Haeromys,Haeromys,Haeromys,0.030578851,0.086852204,-0.026168732,-0.010441243,-0.04464571,0.012347935,-0.008631831,-0.016640043,-9.99E-04,0.005104032,-9.78E-04,-0.009682852,0.001752688,0.005645389,-0.00470312,-0.005101749,2.98E-04,0.003744867,1.68E-04,0.013304092,-0.014217023,-0.003209547,-0.00214982,-0.00162299,0.006739775,0.013387003,-0.013446424,2.42E-04,0.004467837,0.001909487,-0.002736685,-0.009171483,7.17E-04,0.001470975,0.011214039,-0.008364833,57.22251713
H_min_3,Haeromys,Haeromys_minahassae,Haeromys,Haeromys,Haeromys,0.029343103,0.091491241,-0.042484046,0.004834968,-0.063312597,0.008831326,-0.018391077,0.002798101,-0.009476774,0.014349277,-0.002240137,-0.003277317,-0.018587507,-0.010106668,-0.007844203,-0.002867512,0.015138681,-0.007734762,-0.010143819,-0.025104237,-0.004560764,0.012544627,-0.024052895,0.006873736,0.005503563,-0.012709514,0.00301409,6.07E-04,0.006306256,0.008418607,0.007177879,0.001196813,0.005559986,0.002415941,0.003531464,0.00575496,53.8835567
H_ste_9,Hyorhinomys,Hyorhinomys_steumpkei,Echiothrix,Echiothrix,Echiothrix,-0.038789109,-0.080137256,-0.026114783,-0.009128485,-0.035873597,0.002334294,0.005256289,0.010876355,-0.026710824,-0.011402298,-0.01075098,-0.012793757,-0.022201822,-0.003688225,-4.14E-04,7.25E-04,0.03090518,-0.004193978,-0.025525385,0.019855498,0.003518607,0.008840765,0.017736411,0.005719033,-0.003558735,0.009140869,2.21E-05,-0.01666031,-0.01748216,0.010322952,-0.005401581,-0.009246366,-0.007293549,0.002267293,-0.003287978,0.007649412,128.5425785
L_mey_3,Lenomys,Lenomys_meyeri,Bunomys,Taeromys,Taeromys,0.042058779,-0.031202335,0.018718709,4.49E-04,-0.003055451,0.002103037,0.014203577,-0.010787974,-0.003321474,0.004713924,0.002412795,-0.00618696,-0.005007525,-0.005147099,-0.022915585,0.023925461,0.001521402,0.004831268,0.006063993,0.001123562,0.00219795,-1.06E-04,-0.002837544,0.010174479,-0.004155604,-0.021594714,0.00154599,8.58E-04,0.00169321,-0.007163855,0.001693644,-0.004363951,-0.002507423,0.01073943,0.009166243,7.63E-04,137.6978088
L_mey_8,Lenomys,Lenomys_meyeri,Bunomys,Taeromys,Taeromys,0.044214895,-0.027896884,0.027231276,0.008687901,0.002183135,0.013197698,0.021783383,-0.00798514,0.00617405,-0.008440995,0.001231937,-0.008638765,-0.01154084,-0.011651448,-0.019055897,0.004072823,0.002307347,-0.002211415,0.001494216,-0.00275205,-0.016662106,-0.004568432,0.003506262,-0.004607468,-0.012652463,-0.013229286,-0.009284243,-0.002972117,-8.21E-04,0.00283009,0.005336927,0.003227404,-0.008022039,0.004848029,-0.003909732,-0.001454995,143.7415938
M_bec_6,Margaretamys,Margaretamys_beccarii,Margaretamys,Margaretamys,Margaretamys,0.0307543,0.04084576,-0.009771934,-0.00145229,-0.014221701,-0.006589486,0.010734684,1.57E-04,6.27E-04,0.003200675,0.003255459,1.44E-04,0.013488237,0.020776939,0.004368313,-0.005273245,-0.0064462,0.00981167,-0.011671297,0.011583847,-0.012755866,-0.012631516,-0.005259173,0.001113289,-0.007957834,-0.011866665,0.004513299,0.017561402,-0.003352975,-0.002128213,-0.008557076,-0.025342532,-0.007547468,0.002313316,-0.019177558,-9.12E-04,80.50919696
M_dol_2,Maxomys,Maxomys_dollmani,Maxomys,Maxomys,Maxomys,-0.006758171,0.01394855,0.005795557,-0.007559257,0.026483555,-0.003311917,0.003506313,0.008846725,0.002480107,-0.024341973,-0.009233578,-0.011441413,-0.006273823,0.012789318,0.001270226,-0.013820155,-0.007255976,-0.005048456,-0.023351404,0.00491646,0.005514876,0.005351826,8.10E-05,-0.001863095,0.011801206,-0.00929795,0.003716057,0.003959324,-0.00649214,-0.011641861,0.01445975,-0.00173667,0.007655727,-0.008161857,0.004163174,0.016312882,114.6226035
M_ele_8,Margaretamys,Margaretamys_elegans,Margaretamys,Margaretamys,Margaretamys,0.028920615,0.014597732,-0.006186508,-0.007257769,-0.008171697,-0.00330912,0.005196576,-0.010411355,-9.73E-05,-0.006939629,-0.006333969,-0.009585874,-7.36E-04,0.00186998,0.004999074,-0.0143176,-0.020280647,0.009393299,0.0099988,-0.006352149,0.0083173,-0.010913355,0.006069983,-0.001279612,0.005010085,0.007338912,0.011217918,9.04E-04,-0.003177693,-0.003300532,-0.002433379,0.004210251,-0.001593504,0.008724671,-0.00318721,0.00396136,102.6257456
M_ele_9,Margaretamys,Margaretamys_elegans,Margaretamys,Margaretamys,Margaretamys,0.028367275,0.011025361,-0.003336573,-0.01070567,-0.005475304,-9.38E-04,-0.001615307,-0.008928743,-0.004113325,-0.010422251,-0.015491186,-0.003676099,-0.00402143,0.008459061,-0.001734155,-0.010826881,-0.012330588,0.001245666,0.003953182,-0.0012179,0.013590273,-0.003198079,-5.09E-04,0.002068557,0.00925376,0.011392816,0.003795433,0.007442518,-0.006184168,-0.007294924,0.003460949,0.00496585,0.005025033,0.007462481,-0.009760623,0.002543232,100.946492
M_ele_kcr8,Margaretamys,Margaretamys_elegans,Margaretamys,Margaretamys,Margaretamys,0.03140946,0.021943712,-0.001396572,-0.009269452,-0.001292315,-0.010434012,7.90E-04,-0.006151112,-0.00384914,-0.0023189,-0.019084752,-0.014267503,0.00305591,0.015847313,-0.001134431,-0.007214189,-0.014972792,0.008263565,-0.003184583,-0.019485686,0.002389754,-0.004542175,-0.005938079,0.007229205,-0.021059183,0.008163789,0.003167632,0.009938589,-0.030044066,0.010541887,-0.003714067,0.005625219,-0.004471213,-0.0095428,0.016568415,0.002354865,102.4306806
M_hel_1,Maxomys,Maxomys_hellwaldii,Margaretamys,Margaretamys,Margaretamys,0.016043482,0.001850106,-0.004481364,-5.28E-04,0.027919775,4.94E-04,-0.003742228,-0.008564708,-0.001608776,-0.030511671,-0.004638679,0.007695086,-0.023199877,-0.0198942,0.014158934,-8.73E-04,0.009175497,-0.001465302,0.005491308,0.004086093,0.019821437,-0.006539668,-0.018678795,0.009130227,-0.005970383,-0.01005203,4.81E-04,-0.001098255,-0.005527268,-0.005267634,-0.003159271,0.003974593,-0.001586119,0.003525943,-0.001210266,-0.008851703,116.0423027
M_hel_2,Maxomys,Maxomys_hellwaldii,Maxomys,Maxomys,Maxomys,7.81E-04,0.00216259,-0.005015163,0.004945257,0.022213324,-0.004391754,-0.002820818,-0.010560267,0.006908849,-0.022913002,-0.009967609,0.006916397,-0.015549054,-0.008143629,0.015375944,-0.012596134,-0.002699528,-0.009001314,-0.016124573,0.001572471,-0.001946704,-0.002299005,-0.002934761,0.003674886,0.001314695,-0.00249144,-0.006027708,0.012626946,-0.001601573,-0.002494125,0.008485482,-0.007929197,0.005463814,0.018361069,-1.64E-04,-0.005896385,117.5147452
M_mus_4,Maxomys,Maxomys_musschenbroekii,Maxomys,Maxomys,Maxomys,0.012260471,0.036918361,-0.011519048,0.007502321,0.009890682,-8.44E-04,-0.002058902,-0.006883367,-0.003135547,-0.028369752,-0.003514752,7.53E-04,0.003004632,-0.026972887,0.00224395,-0.006089842,-0.009678554,-0.010583937,-0.007724667,0.005063528,-0.010204272,-1.43E-04,0.001043645,-0.005799895,-0.002628914,0.007358646,4.10E-04,-0.00893022,0.005831262,0.002482039,0.001232622,0.002705929,-0.008994322,0.00318456,0.002731978,1.01E-04,86.87142395
M_mus_5,Maxomys,Maxomys_musschenbroekii,Maxomys,Maxomys,Maxomys,0.010479126,0.014533887,-0.003264258,0.007052794,0.018235555,0.005786424,-0.005902698,-0.002496102,0.004686134,-0.026190533,-4.18E-04,-0.002399203,0.005880269,-0.011351264,0.005439781,0.004879044,-0.006091836,-0.008494839,-0.00924328,0.01612151,-0.00767159,0.005592828,-0.002737674,0.009357621,0.005455836,0.010844641,-9.52E-05,-3.47E-04,0.008102297,-0.006236277,-0.003581652,2.54E-04,0.001781691,6.67E-04,0.002881292,-0.008254311,90.28035687
M_nas_4,Melasmothrix,Melasmothrix_naso,Echiothrix,Echiothrix,Echiothrix,-0.083190194,0.035642615,-0.019651939,-0.021356624,-0.002534786,0.001185174,-0.0042967,-0.016989535,0.04179198,-0.002719463,0.005935674,-0.030067272,0.02404343,0.016777101,-0.016612327,0.018629353,-0.017506241,-0.006953812,-0.011524139,0.021819093,0.023833094,0.002145063,-0.003246645,-3.44E-04,-0.003644763,-0.01524416,-0.003200321,-0.004765442,0.006934002,0.011635638,-0.010521031,0.007528256,-2.82E-04,0.002805961,-1.66E-04,0.002959516,76.48295324
M_nas_5,Melasmothrix,Melasmothrix_naso,Echiothrix,Echiothrix,Echiothrix,-0.084202364,0.025775507,-0.012268761,0.002245486,3.53E-05,3.64E-04,-0.021407087,1.62E-04,0.036686227,0.015694427,0.014146527,0.008076348,0.00474858,-0.017303417,-0.005261393,0.02953601,-0.009028227,-0.00978845,0.009543906,-0.014214137,0.001500431,-0.012742541,0.015623956,0.006607246,0.008850096,0.016235009,-3.13E-04,-5.39E-04,-0.017110334,0.001306752,0.013153338,-0.014391716,0.006107349,0.013499581,-0.001051896,0.00558705,76.75037672
M_par_8,Margaretamys,Margaretamys_parvus,Margaretamys,Margaretamys,Margaretamys,-0.001588054,0.029357194,-0.007203111,-0.008677444,9.53E-04,-0.005651817,0.00322646,-0.006116797,-0.003966917,0.007672245,-0.004491904,-2.74E-04,-2.92E-04,-0.001376398,0.004307441,0.005400971,0.007816643,0.004564013,0.002501555,1.25E-04,-0.002361966,-0.01086259,-0.004799369,0.010547679,-0.008272765,0.009434762,0.008175425,-0.00146023,0.004716398,-0.004777123,0.011764082,0.006255772,-0.002935463,-0.009846278,-0.008599966,6.32E-04,72.14991914
M_par_9,Margaretamys,Margaretamys_parvus,Margaretamys,Margaretamys,Margaretamys,0.00427893,0.037204008,-0.01560084,-0.014052088,-0.017180065,-0.005030406,0.00233321,0.001085929,0.003540135,-1.40E-04,-0.004828877,0.007641104,0.001280684,0.01010021,0.012796191,0.002853207,0.010826193,0.018075326,-4.09E-04,0.005812535,0.00580595,-0.01641822,0.010127014,-2.87E-05,-0.014355214,-0.004406297,0.007798734,-0.006307061,0.001824721,-0.007897188,0.005615486,0.004729971,-0.002896884,-0.002731999,0.002409194,-0.003709001,67.4569685
M_wat_1,Maxomys,Maxomys_wattsi,Maxomys,Maxomys,Maxomys,0.00526894,0.013376925,-0.015749738,0.007256763,0.001303748,0.00698485,0.001288567,0.002021989,0.002581409,-0.014931802,-0.007646081,0.005922774,0.005306353,-0.011668706,0.001454083,0.004857371,-0.005866235,-0.001018285,0.006925075,0.019142591,-0.007616197,-0.001691512,-0.007324772,0.012797397,-0.00958595,-5.64E-04,-0.016771031,0.006130919,0.005751635,-0.00453042,0.00707429,0.001144147,-0.001350457,-0.006049945,0.008612669,0.004991227,85.19784889
P_dom_6,Paruromys,Paruromys_dominator,Bunomys,Taeromys,Taeromys,0.038452667,-0.03131165,0.013239805,0.014209037,0.010006848,0.010698428,0.016674713,-0.004165117,-0.005375185,-0.008592485,0.00165478,-0.018056062,-0.013398503,-0.00463819,-0.007241,-0.005562259,0.008332154,0.001056521,0.002001204,-0.006894626,0.007086812,0.001396603,0.009845068,0.005858206,0.01252813,0.003028752,-0.009046772,0.002030435,0.005959467,8.56E-04,-0.009493711,-3.47E-04,0.010712284,-0.001128545,-0.004485271,4.35E-04,154.9841326
P_dom_7,Paruromys,Paruromys_dominator,Bunomys,Taeromys,Taeromys,0.046991496,-0.031751479,1.21E-04,0.004216908,0.005031197,0.004501158,0.013033331,0.003392201,-0.007743178,0.001536043,0.004357647,-0.006095139,-0.002781139,0.003465329,-0.011185237,0.009350095,0.005577843,-0.010254524,0.013101828,-0.011434293,0.001251931,-0.003617754,-0.003900778,0.012053181,0.009263253,4.03E-04,-0.015067489,0.00381526,2.39E-04,0.005939454,-0.006821897,-0.003293374,-0.003137725,-0.007484706,-0.0028859,-0.001312044,142.5359305
P_verm_2,Paucidentomys,Paucidentomys_vermidax,Echiothrix,Echiothrix,Echiothrix,-0.144292673,-0.064420832,0.022189669,-0.043880012,-0.004760328,-0.012394189,-0.01252707,7.63E-04,0.029761317,-0.004808996,0.004637919,-0.015725514,0.002248195,-0.01249696,-0.019328753,-0.017136324,0.012882658,0.029768374,0.007729248,-0.007254257,-0.010934932,0.009894646,-0.019893505,0.014202382,0.002223108,0.003638899,0.002586349,8.08E-04,-0.003404493,-0.003299045,-0.006192557,-6.76E-04,0.002745972,-6.83E-04,-0.003649628,-0.007208919,106.4594017
R_exu_2,Rattus,Rattus_exulans,Rattus,Rattus,Rattus,0.031084489,0.022847548,-1.50E-05,-0.002066229,-3.63E-04,-0.001381933,-0.016386125,-0.002273422,0.008187779,0.001838644,0.019269598,0.020403112,0.017131103,-0.002815265,0.013507402,0.005295917,0.025249826,0.02146196,-0.012625445,0.009159696,-0.006618041,-0.004955677,0.010190648,0.005825248,0.00958898,-0.001258232,0.001576377,0.00709339,-2.40E-05,0.003156278,-0.005830098,0.008327949,0.004924678,-0.003140613,0.010166614,2.00E-04,79.29746335
R_exu_8,Rattus,Rattus_exulans,Rattus,Rattus,Rattus,0.025735894,0.027237781,0.013796086,0.006703231,0.007013392,5.02E-04,-0.021273799,-0.002126141,0.00785053,-0.009851206,0.005657495,0.018610884,0.019427061,-0.010644685,0.011694748,0.017086458,0.016489208,0.004342132,8.25E-04,0.003379672,-0.008391204,0.004198659,0.000990034,-0.001698849,0.005072896,0.006982953,0.006490858,-0.004002551,-0.003548603,-0.003760153,-0.011604796,0.01125663,-0.00606116,0.003448507,6.37E-04,0.010610232,80.33742727
R_fac_4,Rattus,Rattus_facetus,Rattus,Rattus,Rattus,0.033706125,0.012224496,0.013030153,-0.002312064,-0.001692561,0.00556854,-0.013636479,-0.001604336,-0.003090063,-0.015992018,-2.93E-04,0.005444559,-0.001294157,0.001886146,0.008261079,0.004758555,0.006474283,0.001400288,0.01997733,0.003363878,0.011996982,0.004294204,3.58E-04,6.21E-04,-0.004194152,-0.00645501,8.28E-04,-0.015027649,-0.001368884,-0.006536625,6.81E-04,-0.012568323,0.007147459,-0.007493185,-0.004580626,0.002844656,115.1462288
R_fac_5,Rattus,Rattus_facetus,Rattus,Rattus,Rattus,0.033620959,0.010114372,0.002658368,-0.003157167,-0.009686749,-0.001630224,-0.009007278,-0.010258931,-0.003432614,0.002263263,0.004563419,0.008293598,0.00506074,7.50E-04,0.003368407,-6.45E-04,0.008203791,0.004820094,0.00661867,0.001114694,0.002162475,0.006816693,-0.0029198,0.004039156,-0.004633049,-0.001013209,0.004566891,-0.004793091,0.001059939,-0.00793203,5.73E-04,6.92E-04,0.013661538,2.73E-04,-0.01002467,0.009755739,115.459938
R_hof_0,Rattus,Rattus_hoffmani,Rattus,Rattus,Rattus,0.049168823,-0.009722888,3.38E-04,-0.003399522,0.005769089,0.007029324,-0.011970527,-0.014357943,-8.50E-04,-0.004297845,0.001957928,0.010453602,7.56E-04,0.001068987,0.010496732,0.005272374,3.18E-04,-0.015777599,0.01009287,-0.00243909,0.005075587,0.016222002,-0.013020443,-7.39E-04,0.003242292,0.013639346,0.002344989,0.013229261,-0.006515897,0.006571155,-0.022901881,0.002262981,-0.003849067,0.004401606,-0.00431482,0.001614571,111.1570614
R_hof_7,Rattus,Rattus_hoffmani,Rattus,Rattus,Rattus,0.040734804,-0.00617743,0.008472412,-0.002129751,0.004393628,0.002783503,-0.012382806,-0.001814878,0.0088976,-0.00717296,0.006240109,0.007289008,0.011913395,0.008453574,0.014491337,-0.007679765,0.004138233,0.018720089,0.008016913,-0.018444635,0.023016171,0.009173545,0.013796573,-0.00254611,0.005282527,-0.007336076,-0.020670962,-2.17E-04,0.011218106,0.009310432,0.002169036,-0.009561929,-0.010796659,0.005019375,0.00353128,0.010227203,105.4211357
R_mar_0,Rattus,Rattus_marmosurus,Rattus,Rattus,Rattus,0.020662405,0.002037788,0.00646907,-0.008435139,-0.008237165,0.006272064,-0.001169327,0.018275659,0.010358977,-0.003021014,0.01259986,0.023711219,0.004624317,-0.005081242,-0.011817729,-0.005012163,-0.012284875,0.015511663,-0.007809809,0.006816312,0.012678172,0.031640864,0.005148018,0.001587741,0.002720768,-0.003086496,-0.004076839,0.005693866,-0.011091683,0.006172063,0.017661058,0.01064294,-7.13E-04,7.18E-04,-0.005779838,-0.01559386,120
R_mol_3,Rattus,Rattus_mollicomulus,Rattus,Rattus,Rattus,0.040160833,0.004155754,0.025845523,0.010478097,0.027260267,0.024144935,-0.067755154,0.044494948,-0.043986602,0.024032012,0.00801489,-0.040075399,0.027743494,-0.017444778,-0.014582337,-0.017128816,0.006719311,-0.00217344,0.006702563,0.012105849,0.009156819,-0.007149767,-0.003147447,-0.006803923,-0.006049729,0.002688074,8.34E-04,0.00454842,-0.001727838,0.002135519,0.006730821,-0.003538549,-0.003117162,0.004358449,2.50E-04,-0.002363765,108.6927411
R_xan_5,Rattus,Rattus_xanthurus,Rattus,Rattus,Rattus,0.024360721,0.01034869,0.01804186,-0.006675747,0.003866614,0.00135792,-0.005322257,-0.006575442,0.01648424,-0.01939101,0.009163689,0.012257037,0.006521115,-0.016686306,0.004583655,-0.022384944,-0.010707709,0.004050618,0.006666815,-0.001309195,-0.004602211,0.002578028,0.002006508,-0.008998623,-0.010637935,-0.013074688,0.012364333,-0.019881263,-0.004140051,0.014719679,-0.005527126,-0.009861878,0.007961128,-0.004944189,5.46E-04,0.00210495,120.2884716
S_mac_6,Sommeromys,Sommeromys_macrorhinos,Echiothrix,Echiothrix,Echiothrix,-0.01051928,0.047105392,-0.04969595,0.017582169,0.047531592,-0.008640309,0.044697536,0.026392162,-0.012575103,0.021520308,0.021478076,-0.007937708,-0.005232484,-0.002292842,0.001849169,0.011495091,0.004913888,0.008095731,8.03E-04,0.001564295,0.002207702,-0.001933532,4.07E-04,-0.001357947,3.04E-04,-1.64E-04,-0.001460541,-0.009333987,-0.006343813,0.004936282,-0.002214797,0.002056678,0.014693552,0.002107863,0.007350625,-0.002945479,75.21864982
S_mac_som2,Sommeromys,Sommeromys_macrorhinos,Echiothrix,Echiothrix,Echiothrix,-0.009935547,0.047777325,-0.056113208,0.007117218,0.048267921,-0.003175716,0.047298971,0.035191795,-0.009823622,0.017082561,0.01442706,-0.003404435,-0.003789465,-0.008516626,0.001775822,-1.58E-04,-0.005064482,0.011831143,0.006344286,0.00152652,-0.004198546,0.006173852,-0.010452397,-4.57E-04,0.007155981,-8.87E-04,0.002655758,-4.10E-04,-0.002677381,0.00315081,-0.00428171,6.91E-04,-0.009945289,-0.00166023,-0.011518426,0.005923094,75.79600206
T_arc_2,Taeromys,Taeromys_arcuatus,Bunomys,Taeromys,Taeromys,0.024274909,-0.068074907,-0.012257291,-0.001091997,0.005089081,0.021160302,0.026572507,0.008328592,0.014398176,0.03741161,-0.069568422,0.034622778,0.031458861,-0.01979465,-0.011981888,-0.004101239,0.00336716,0.004769868,-0.016433515,-0.001025358,0.010307318,-0.011157768,-0.011959128,-0.004985813,0.00585258,0.002865973,-0.002398288,-0.004159818,0.003531737,0.001322502,-3.94E-04,-0.004266646,0.002502041,-7.13E-04,8.25E-04,9.30E-04,135.4402274
T_arc_4,Taeromys,Taeromys_arcuatus,Bunomys,Taeromys,Taeromys,0.020403678,-0.059920336,-0.008711534,-0.01051955,-0.013606237,0.001152495,0.006819463,0.002862554,0.02978383,0.037367123,0.049056835,0.029930239,-0.009432809,0.01357795,-0.005025009,-0.039051974,0.008034702,-0.029470461,0.007100743,0.017507857,0.006544644,-0.013272499,-0.008281141,0.002416315,-0.001717099,-6.04E-04,-0.001618308,8.52E-04,-0.0053162,-0.00610827,9.48E-04,0.003789939,-0.003552888,8.63E-04,0.006412278,0.004536107,122.0085397
T_cel_0,Taeromys,Taeromys_callitrichus,Bunomys,Taeromys,Taeromys,0.028173293,-0.016816556,2.56E-04,-0.003298421,0.003755436,0.006210196,-0.00359856,0.003014164,-0.002771288,6.14E-04,-0.009741709,1.57E-04,0.00845484,0.01685682,-0.013605806,0.012769017,-0.005961867,-0.020568347,8.74E-04,0.009720435,-0.006598972,0.02003267,0.0029085,0.002121416,0.017749991,-0.00454359,0.013621897,0.008902697,-8.98E-04,-0.0016359,0.001995959,-0.002136631,0.002815176,-0.013542496,0.001273883,0.001178967,122.129815
T_cel_1,Taeromys,Taeromys_celebensis,Bunomys,Taeromys,Taeromys,0.038330424,-0.009825709,-0.001175392,0.007682001,-0.006699267,0.009410544,-0.005022348,0.004580484,-0.004194314,-8.90E-04,-0.007126835,0.008192679,0.00434417,0.00631832,-0.006487868,-1.72E-05,7.83E-04,-0.003621623,0.012211869,-6.76E-04,-0.011482459,-0.006370199,0.019676564,0.01320151,0.014510825,-0.011419309,0.02561275,-0.002846607,-0.001825367,0.009546674,0.005835658,0.007692553,-0.006884888,-6.90E-05,-0.003876523,-0.01069332,117.6281951
T_cel_5,Taeromys,Taeromys_celebensis,Bunomys,Taeromys,Taeromys,0.010091594,-0.016736716,0.022597403,0.145205993,-0.020815777,-0.062645991,-0.009919765,0.028162254,0.032751956,-0.005733329,-0.010103388,-0.002876293,-0.005301669,0.012747624,-0.007312189,-6.97E-04,2.32E-04,0.006314907,0.002154213,0.005328054,-1.61E-04,0.002462144,-0.007297736,-0.003024004,-0.001312678,0.005516334,6.31E-04,-0.002989289,5.39E-04,7.93E-04,-8.28E-04,-8.46E-04,-5.26E-04,1.18E-05,7.83E-04,-7.55E-04,125.0178605
T_ham_6,Taeromys,Taeromys_hamatus,Bunomys,Taeromys,Taeromys,0.04844073,-0.013675777,-0.008313891,3.60E-04,-0.026012193,0.005076711,0.015696666,-0.002054949,0.003235534,-0.002537883,0.014857821,-0.001131857,3.51E-04,-0.009986234,7.24E-04,-0.003094257,-0.02213797,0.007827893,0.001822722,-0.005945159,0.003497717,-0.004321972,0.005043311,0.004060322,0.006917914,0.007791686,-0.011384717,-0.007304051,0.005875247,0.002139128,0.004523143,0.001512638,-0.010710146,-0.010599848,-0.003703406,-0.001695908,110.7253063
T_ham_7,Taeromys,Taeromys_hamatus,Bunomys,Taeromys,Taeromys,0.046500406,-0.013289633,-0.003212487,0.003367291,-0.015059831,0.010327554,0.007556233,-0.015441697,0.013821227,0.003963906,0.008701638,-0.024614398,-0.010360199,7.26E-04,-0.005819976,-0.004403095,0.001738912,-0.001191909,-0.013830795,-0.00342402,0.005179982,-0.012271396,0.004028736,0.004201431,-0.004120901,0.01205701,0.001478767,-0.003948879,0.010950743,0.0021971,0.002596088,0.016118928,6.20E-04,0.00151109,-0.011031313,0.001594717,109.2247579
T_mac_1,Tateomys,Tateomys_macrocercus,Echiothrix,Echiothrix,Echiothrix,-0.074262414,0.035372837,-0.037209731,0.007944438,-0.014919301,0.006466899,0.010186755,-0.005219094,0.004701264,0.016027308,-0.03093952,-0.008328149,-0.002041527,-0.004843043,0.002325875,-0.029256213,0.002472457,-0.00214165,0.02789042,0.006249324,-0.010264121,0.019880426,0.017670671,-0.017739235,-0.005365012,-0.003884755,-0.003908986,0.002564476,0.002932702,-0.00838633,-0.004268516,0.009943609,0.003397416,0.008083702,-1.62E-04,0.003125302,88.72879588
T_mac_9,Tateomys,Tateomys_macrocercus,Echiothrix,Echiothrix,Echiothrix,-0.064378959,0.026135196,-0.027573113,0.012119198,-0.014664141,-0.00360736,-0.006374799,0.005082523,0.003466333,0.005832277,-0.012025084,-0.005155257,-0.006901025,-0.018273646,0.006684681,0.001384209,0.002929868,-0.017609311,0.008046394,-0.010170566,0.017824973,-0.004771273,0.015243968,0.003077516,0.004225696,-0.013229965,0.003740499,0.004291349,-0.003067291,-0.016989239,-0.011859395,-0.007687068,-0.010491142,-0.013144647,0.006064246,-0.012900548,75.01733871
T_rhi_7,Tateomys,Tateomys_rhinogradoides,Echiothrix,Echiothrix,Echiothrix,-0.125343548,0.013096759,0.03052351,0.082179586,0.00883554,0.082753835,0.012430603,-0.052503483,-0.032578807,0.009275907,0.014342469,0.013586899,0.003882771,0.015884939,0.001969501,-0.004605388,-0.005229971,0.007518249,-0.00652399,-0.002688287,0.003016756,0.004424571,-0.005531947,0.003997742,-0.002543111,0.003444578,0.002719916,-0.003998639,-0.003209217,-0.002308294,0.001887156,-0.001936253,-0.003656969,-0.001901034,9.42E-04,-6.86E-04,98.13821086
T_rhi_8,Tateomys,Tateomys_rhinogradoides,Echiothrix,Echiothrix,Echiothrix,-0.105571859,0.01333177,0.01976296,0.003616283,0.01209993,-3.12E-04,-0.01034349,-0.001113633,0.006288953,-0.011489122,-0.008485421,0.002701283,-0.02049663,-0.012974066,-0.001383364,-0.005179095,0.008181717,-8.33E-04,0.006357307,0.005951866,-0.003055047,-0.020484652,0.007299585,-0.00468878,0.006197779,-0.003631603,-0.001582609,0.021141236,0.009415563,0.021378411,0.004785233,0.002833665,0.001425318,-0.01567119,-0.004636524,0.008732099,93.67064391
T_tar_5,Taeromys,Taeromys_tarae,Bunomys,Taeromys,Taeromys,0.029315229,-0.033610743,0.006008502,-0.004755471,-0.0032302,0.009522861,0.006360259,-0.01621403,0.014289413,0.008645761,0.002287736,-0.009964133,-0.00508029,-0.006037238,4.61E-04,0.014622307,-0.002339971,0.004630136,-0.004091858,0.001853874,-0.016099926,-0.001900051,0.003725925,-0.018602797,0.001359389,-0.003954124,0.002097215,0.006984043,-0.004822088,-0.00209183,-0.002925944,5.86E-04,-0.00608437,0.007651171,-0.002163025,-0.002359321,129.2975002
T_tar_7,Taeromys,Taeromys_tarae,Bunomys,Taeromys,Taeromys,0.04059431,-0.025176535,0.016679661,-0.006678996,-0.011580129,0.00896373,0.004792882,-0.018223287,0.003124028,-3.02E-04,0.00538557,-7.51E-04,-0.013013224,-0.019411199,-0.005553382,0.017840888,-0.008351601,2.06E-04,0.004835357,0.003533847,0.002299217,-0.0028266,-0.00976983,-0.029848991,-0.001454638,4.16E-04,0.004335924,0.001802786,-0.007624539,0.001528198,-0.001102859,0.003475409,0.004117493,-0.009300636,0.003910706,0.002110079,131.2846938
W_mam_7,Waiomys,Waiomys_mamasae,Echiothrix,Echiothrix,Echiothrix,-0.029984968,0.055559782,0.124391529,-0.026960396,-0.0323961,0.003218755,0.044741108,0.042099792,0.001944881,0.026150621,-0.009049706,-0.011427557,-0.004894801,-0.00490834,0.038290119,0.005389882,-0.007619069,-0.01025725,4.21E-04,0.007301739,4.96E-04,0.004826316,-0.002444763,0.008087517,0.002308767,0.00143409,-0.001549882,-0.001972055,2.85E-04,0.002334862,-8.28E-04,0.001509691,-5.93E-04,0.003815376,0.002579106,-1.18E-04,78.64372824