Collector_Number,Catalog_Number,Species,Clade,SubClade,SubClade_Frat,Community,Confirmed_ID,elev_min,elev_max,mhb_elev_min,mhb_elev_max,Sample Mass (mg),Carbon Content (mg),Carbon Content (%),Corrected_13C,Nitrogen Content (mg),Nitrogen Content (%),Corrected_15N,C/N Ratio,Notes
KCR_1448,,Bunomys_andrewsi,Bunomys,Bunomys,Bunomys,Gandangdewata,X,1580,2100,500,1400,0.623,0.273448911,43.89228104,-23.81730466,0.09188979,14.74956507,6.232875816,2.975835614,
KCR_2155,MZB,Bunomys_chrysocomus,Bunomys,Bunomys,Bunomys,Buliohuto,X,450,500,250,2200,0.615,0.274097172,44.56864577,-23.80587669,0.091321972,14.84910107,5.241887063,3.001437297,
KCR_2297,MZB,Bunomys_chrysocomus,Bunomys,Bunomys,Bunomys,Buliohuto,X,450,500,250,2200,0.585,0.258088152,44.11763277,-23.9080307,0.088672024,15.15761099,4.972539304,2.910592757,
KCR_2170,MZB,Bunomys_chrysocomus,Bunomys,Bunomys,Bunomys,Buliohuto,X,450,500,250,2200,0.588,0.262635511,44.66590321,-23.7749093,0.088983694,15.13328133,4.93694744,2.951501543,
KCR_2280,MZB,Bunomys_chrysocomus,Bunomys,Bunomys,Bunomys,Buliohuto,X,450,500,250,2200,0.58,0.256615245,44.24400771,-23.59344129,0.08644366,14.90407924,4.892463193,2.968583769,
KCR_2551,MZB,Bunomys_chrysocomus,Bunomys,Bunomys,Bunomys,Buliohuto,X,450,500,250,2200,0.581,0.258821389,44.5475713,-23.63773819,0.087550314,15.06890081,4.450921306,2.956258846,
JAE_4867,LSUMZ_38236,Bunomys_chrysocomus,Bunomys,Bunomys,Bunomys,Buliohuto,X,450,500,250,2200,0.607,0.269946447,44.47223174,-23.91355204,0.089558853,14.75434156,3.793489742,3.014179356,
JLP_26030,LSUMZ_36876,Bunomys_chrysocomus,Bunomys,Bunomys,Bunomys,Dako,X,400,700,250,2200,0.586,0.265974948,45.3882164,-23.52663114,0.088092853,15.03291001,6.393629806,3.019256842,
JLP_25928,MZB,Bunomys_chrysocomus,Bunomys,Bunomys,Bunomys,Dako,X,400,700,250,2200,0.621,0.279912482,45.07447382,-24.89027101,0.091419226,14.7212925,3.605704557,3.061855732,
JLP_26026,MZB,Bunomys_chrysocomus,Bunomys,Bunomys,Bunomys,Dako,X,400,700,250,2200,0.587,0.265421211,45.21656069,-23.53884865,0.08614614,14.67566277,2.814872154,3.08105749,
JLP_25950,MZB,Bunomys_chrysocomus,Bunomys,Bunomys,Bunomys,Dako,X,400,700,250,2200,0.605,0.271111787,44.81186569,-23.55325216,0.089277035,14.75653475,2.707061654,3.036747207,
JLP_25994,MZB,Bunomys_chrysocomus,Bunomys,Bunomys,Bunomys,Dako,X,400,700,250,2200,0.613,0.276290212,45.07181269,-24.95033099,0.095222181,15.53379791,2.226746659,2.901532063,
KCR_2932,MZB,Bunomys_coelestis,Bunomys,Bunomys,Bunomys,Bawakaraeng,Measurements,1700,2800,1800,2500,0.578,0.264492442,45.75993807,-22.68951907,0.090870346,15.72151308,7.460937669,2.910657379,
KCR_2985,MZB,Bunomys_coelestis,Bunomys,Bunomys,Bunomys,Bawakaraeng,Measurements,1700,2800,1800,2500,0.604,0.278024887,46.03061045,-22.6197691,0.096955044,16.05215957,6.672787324,2.867564968,
KCR_2768,MZB,Bunomys_coelestis,Bunomys,Bunomys,Bunomys,Bawakaraeng,Measurements,1700,2800,1800,2500,0.603,0.280580621,46.53078296,-23.09322651,0.0962115,15.95547262,6.168595651,2.916289857,
KCR_2708,MZB,Bunomys_coelestis,Bunomys,Bunomys,Bunomys,Bawakaraeng,Measurements,1700,2800,1800,2500,0.59,0.269850296,45.73733837,-24.27288566,0.092290169,15.64240155,6.14255499,2.923933274,
KCR_2769,MZB,Bunomys_coelestis,Bunomys,Bunomys,Bunomys,Bawakaraeng,Measurements,1700,2800,1800,2500,0.622,0.285992764,45.97954406,-23.13886229,0.097275004,15.63906817,5.586954945,2.940043713,
KCR_2883,MZB,Bunomys_coelestis,Bunomys,Bunomys,Bunomys,Bawakaraeng,Measurements,1700,2800,1800,2500,0.575,0.262523441,45.6562506,-22.74497657,0.08979957,15.61731646,5.330037457,2.92343763,
JAE_5078,MZB,Bunomys_fratrorum,Bunomys,Taeromys,B_fratrorum,Ambang,X,1460,1592,500,1982,0.625,0.27931015,44.689624,-23.58266791,0.093952279,15.03236464,5.601513152,2.972893824,
JAE_5054,MZB,Bunomys_fratrorum,Bunomys,Taeromys,B_fratrorum,Ambang,X,1460,1592,500,1982,0.591,0.265326807,44.89455287,-23.40868705,0.088789139,15.02354294,5.063009454,2.988279998,
JAE_5085,LSUMZ_38992,Bunomys_fratrorum,Bunomys,Taeromys,B_fratrorum,Ambang,X,1460,1592,500,1982,0.595,0.261629596,43.97136073,-23.49418302,0.088308813,14.84181736,4.91132478,2.962666879,
JAE_5045,LSUMZ_38989,Bunomys_fratrorum,Bunomys,Taeromys,B_fratrorum,Ambang,X,1460,1592,500,1982,0.601,0.26564432,44.20038604,-23.56253534,0.090029382,14.97993047,4.772228093,2.950640267,
MTS_120,LSUMZ_38987,Bunomys_fratrorum,Bunomys,Taeromys,B_fratrorum,Ambang,X,1460,1592,500,1982,0.619,0.272529444,44.02737375,-23.24567641,0.092246048,14.90243106,4.375165025,2.954375267,
JAE_5066,MZB,Bunomys_fratrorum,Bunomys,Taeromys,B_fratrorum,Ambang,X,1460,1592,500,1982,0.616,0.273247576,44.35837275,-23.119817,0.092006602,14.93613676,4.310601432,2.969869214,
MTS_158,LSUMZ_38988,Bunomys_fratrorum,Bunomys,Taeromys,B_fratrorum,Ambang,X,1460,1592,500,1982,0.582,0.258639863,44.43983901,-23.5882401,0.087067136,14.95998903,3.623240786,2.970579652,
JAE_4549,MZB,Bunomys_fratrorum,Bunomys,Taeromys,B_fratrorum,Dako,X,1500,1700,500,1980,0.613,0.279619199,45.61487747,-24.14831466,0.090845714,14.81985542,6.147479998,3.077956983,
JAE_4559,LSUMZ36885,Bunomys_fratrorum,Bunomys,Taeromys,B_fratrorum,Dako,X,1500,1700,500,1980,0.6,0.27272047,45.4534116,-23.82628459,0.091588857,15.26480949,5.856927427,2.977659932,
JAE_4516,MZB,Bunomys_fratrorum,Bunomys,Taeromys,B_fratrorum,Dako,X,1500,1700,500,1980,0.605,0.278529235,46.03789003,-24.04215944,0.090889333,15.02303024,5.822823751,3.064487609,
JAE_4560,LSUMZ_36886,Bunomys_fratrorum,Bunomys,Taeromys,B_fratrorum,Dako,X,1500,1700,500,1980,0.598,0.273808245,45.78733196,-24.11661145,0.090409521,15.11864898,5.457779748,3.028533304,
JAE_4537,MZB,Bunomys_fratrorum,Bunomys,Taeromys,B_fratrorum,Dako,X,1500,1700,500,1980,0.607,0.279153009,45.98896365,-24.28805888,0.092572714,15.25085897,5.36822378,3.015499896,
JAE_4536,LSUMZ_36881,Bunomys_fratrorum,Bunomys,Taeromys,B_fratrorum,Dako,X,1500,1700,500,1980,0.584,0.269402426,46.13055238,-24.02504752,0.085876347,14.70485396,5.325145035,3.137096941,
JAE_4515,LSUMZ_36877,Bunomys_fratrorum,Bunomys,Taeromys,B_fratrorum,Dako,X,1500,1700,500,1980,0.613,0.282186524,46.03369074,-24.07411224,0.092268995,15.05203826,5.051053365,3.058302798,
JAE_4533,MZB,Bunomys_fratrorum,Bunomys,Taeromys,B_fratrorum,Dako,X,1500,1700,500,1980,0.592,0.269507483,45.52491262,-24.27599611,0.086438551,14.60110661,4.679560698,3.117908377,
KCR_2905,MZB,Bunomys_penitus,Bunomys,Bunomys,Bunomys,Bawakaraeng,Measurements,1660,2550,1500,2000,0.608,0.275064078,45.24080222,-23.4739231,0.093844521,15.43495417,7.409814751,2.931061648,
KCR_2707,MZB,Bunomys_penitus,Bunomys,Bunomys,Bunomys,Bawakaraeng,Measurements,1660,2550,1500,2000,0.578,0.324428238,56.12945297,-23.94954751,0.086269118,14.92545297,7.182537048,3.760653234,
KCR_2701,MZB,Bunomys_penitus,Bunomys,Bunomys,Bunomys,Bawakaraeng,Measurements,1660,2550,1500,2000,0.623,0.286834235,46.04080824,-23.65713769,0.095827911,15.38168719,6.643582047,2.993222244,
KCR_2709,MZB,Bunomys_penitus,Bunomys,Bunomys,Bunomys,Bawakaraeng,Measurements,1660,2550,1500,2000,0.61,0.278035327,45.57956184,-25.07973467,0.092891913,15.22818238,5.257690765,2.993105855,
JAE_4320,,Bunomys_penitus,Bunomys,Bunomys,Bunomys,Gandangdewata,Measurements,1580,2100,1500,2000,0.611,0.273721879,44.7989982,-24.31491561,0.089600569,14.66457754,6.783775807,3.054912294,
KCR_1594,,Bunomys_penitus,Bunomys,Bunomys,Bunomys,Gandangdewata,X,1580,2100,1500,2000,0.576,0.254910176,44.2552389,-23.70897688,0.083748877,14.53973562,6.67426244,3.043744403,
ASA_279,MZB,Bunomys_penitus,Bunomys,Bunomys,Bunomys,Gandangdewata,isotopes_elevation,1580,2100,1500,2000,0.609,0.274506435,45.07494828,-21.28569332,0.094876458,15.57905715,6.251027932,2.893303995,
ASA_320,MZB,Bunomys_penitus,Bunomys,Bunomys,Bunomys,Gandangdewata,Measurements,1580,2100,1500,2000,0.6,0.275397587,45.89959783,-23.42637513,0.091241194,15.2068657,6.180785182,3.018347025,
JAE_4284,,Bunomys_penitus,Bunomys,Bunomys,Bunomys,Gandangdewata,Measurements,1580,2100,1500,2000,0.608,0.268682468,44.19119532,-23.83462039,0.089544126,14.72765227,6.081969955,3.000559391,
JAE_4270,,Bunomys_penitus,Bunomys,Bunomys,Bunomys,Gandangdewata,Measurements,1580,2100,1500,2000,0.588,0.258675036,43.99235312,-23.72321096,0.085415914,14.52651591,5.937018559,3.02841737,
JAE_4406,,Bunomys_penitus,Bunomys,Bunomys,Bunomys,Gandangdewata,X,1580,2100,1500,2000,0.615,0.268999531,43.73976106,-23.98371087,0.088967882,14.46632236,5.908243363,3.023557749,
JAE_4298,,Bunomys_penitus,Bunomys,Bunomys,Bunomys,Gandangdewata,Measurements,1580,2100,1500,2000,0.579,0.256526987,44.30517914,-23.70018927,0.084766163,14.64009726,5.337918131,3.026289945,
JAE_4370,,Bunomys_penitus,Bunomys,Bunomys,Bunomys,Gandangdewata,X,1580,2100,1500,2000,0.624,0.276596443,44.32635309,-22.33971427,0.091048396,14.59108917,5.137696773,3.037905708,
JAE_4332,,Bunomys_penitus,Bunomys,Bunomys,Bunomys,Gandangdewata,Measurements,1580,2100,1500,2000,0.579,0.254091272,43.88450288,-22.11808688,0.082574076,14.26149843,4.506760854,3.077131278,
HH_745,MV,Bunomys_penitus,Bunomys,Bunomys,Bunomys,Latimojong,X,1700,2535,1500,2000,0.623,0.283310828,45.47525322,-24.51173211,0.095268254,15.29185464,8.669390503,2.973821965,
KCR_2561,MV,Bunomys_penitus,Bunomys,Bunomys,Bunomys,Latimojong,X,1700,2535,1500,2000,0.595,0.262840644,44.1748982,-24.14841713,0.08859454,14.88983862,8.232615319,2.96678153,
KCR_2632,MV,Bunomys_penitus,Bunomys,Bunomys,Bunomys,Latimojong,X,1700,2535,1500,2000,0.624,0.280259821,44.91343281,-24.32162021,0.09385185,15.04036058,8.158278572,2.986193886,
KCR_2501,MV,Bunomys_penitus,Bunomys,Bunomys,Bunomys,Latimojong,X,1700,2535,1500,2000,0.615,0.268321647,43.62953602,-24.42592638,0.082186196,13.36360909,7.793685233,3.264801876,
KCR_2567,MV,Bunomys_penitus,Bunomys,Bunomys,Bunomys,Latimojong,Measurements,1700,2535,1500,2000,0.622,0.279580213,44.94858723,-23.37853218,0.094737455,15.23110205,7.702540867,2.951105381,
JAE_3981,MZB,Bunomys_penitus,Bunomys,Bunomys,Bunomys,Latimojong,Measurements,1700,2535,1500,2000,0.616,0.279163953,45.3188235,-24.09876831,0.092096133,14.95067094,7.574951451,3.031223394,
KCR_2489,MV,Bunomys_penitus,Bunomys,Bunomys,Bunomys,Latimojong,X,1700,2535,1500,2000,0.585,0.258382079,44.16787673,-24.01443749,0.083940924,14.34887586,7.110006166,3.07814195,
KCR_2566,MV,Bunomys_penitus,Bunomys,Bunomys,Bunomys,Latimojong,X,1700,2535,1500,2000,0.583,0.260124622,44.61828844,-23.58074309,0.087359762,14.98452174,7.052468237,2.977625126,
KCR_2502,MV,Bunomys_penitus,Bunomys,Bunomys,Bunomys,Latimojong,Measurements,1700,2535,1500,2000,0.6,0.261886356,43.64772607,-24.37025548,0.086002838,14.33380629,7.032102872,3.045089713,
KCR_2487,MV,Bunomys_penitus,Bunomys,Bunomys,Bunomys,Latimojong,Measurements,1700,2535,1500,2000,0.618,0.278131828,45.00515013,-23.81409504,0.091320344,14.77675468,6.855372638,3.045672146,
KCR_2526,MV,Bunomys_penitus,Bunomys,Bunomys,Bunomys,Latimojong,Measurements,1700,2535,1500,2000,0.617,0.280156193,45.40619004,-24.04108216,0.093092961,15.08800022,6.739077809,3.009424004,
KCR_2483,MV,Bunomys_penitus,Bunomys,Bunomys,Bunomys,Latimojong,X,1700,2535,1500,2000,0.592,0.255375226,43.13770706,-23.136677,0.084293029,14.23868726,6.655489442,3.029612652,
KCR_2514,MV,Bunomys_penitus,Bunomys,Bunomys,Bunomys,Latimojong,X,1700,2535,1500,2000,0.584,0.254335765,43.55064464,-24.6955373,0.08322802,14.25137334,6.557347237,3.055891079,
JAE_3979,MZB,Bunomys_penitus,Bunomys,Bunomys,Bunomys,Latimojong,Measurements,1700,2535,1500,2000,0.577,0.261963092,45.40088247,-24.31732188,0.086753579,15.03528237,6.141316604,3.019622868,
ASA_280,MZB,Bunomys_torajae,Bunomys,Bunomys,Bunomys,Gandangdewata,X,2500,2600,2500,2600,0.584,0.261710573,44.81345423,-23.49625815,0.086201117,14.76046516,7.346160834,3.036046205,
KCR_2606,MV,Bunomys_torajae,Bunomys,Bunomys,Bunomys,Latimojong,X,1700,2500,500,1400,0.613,0.271877987,44.352037,-24.30052741,0.08898736,14.51669815,10.26064232,3.055242765,
KCR_2590,MV,Bunomys_torajae,Bunomys,Bunomys,Bunomys,Latimojong,X,1700,2500,500,1400,0.625,0.278977723,44.63643569,-24.05558091,0.092290426,14.76646817,8.985928141,3.022824089,
KCR_2586,MV,Bunomys_torajae,Bunomys,Bunomys,Bunomys,Latimojong,X,1700,2500,500,1400,0.603,0.271817738,45.07756847,-23.78608867,0.089778631,14.88866191,8.905234874,3.027644037,
KCR_2571,MV,Bunomys_torajae,Bunomys,Bunomys,Bunomys,Latimojong,X,1700,2500,500,1400,0.606,0.273302272,45.09938481,-23.65329699,0.088636778,14.6265311,8.752342125,3.083395817,
HH_767,MV,Bunomys_torajae,Bunomys,Bunomys,Bunomys,Latimojong,X,1700,2500,500,1400,0.579,0.258133996,44.5827282,-23.66261323,0.086547371,14.94773243,7.241119826,2.982574676,
KCR_2529,MV,Bunomys_torajae,Bunomys,Bunomys,Bunomys,Latimojong,X,1700,2500,500,1400,0.613,0.275063951,44.87177019,-24.2355562,0.091233051,14.88304251,6.3762932,3.014959486,
KCR_2554,MV,Bunomys_torajae,Bunomys,Bunomys,Bunomys,Latimojong,X,1700,2500,500,1400,0.624,0.281165965,45.05864823,-23.79663644,0.09217075,14.77095348,6.193544827,3.050490158,
KCR_1607,MZB,Crunomys_celebensis,Crunomys,Crunomys,Crunomys,Gandangdewata,X,1500,1700,800,1600,0.622,0.283148649,45.52229086,-22.27303478,0.09106997,14.64147425,9.786064265,3.109133008,
KCR_1484,MZB,Crunomys_celebensis,Crunomys,Crunomys,Crunomys,Gandangdewata,X,1500,1700,800,1600,0.601,0.273200773,45.45769939,-22.1469625,0.08702996,14.48085864,8.988737317,3.139157734,
KCR_1644,,Crunomys_celebensis,Crunomys,Crunomys,Crunomys,Gandangdewata,X,1500,1700,800,1600,0.605,0.268447295,44.37145372,-21.7653305,0.087035695,14.38606536,8.515539406,3.084335614,
KCR_1674,,Crunomys_celebensis,Crunomys,Crunomys,Crunomys,Gandangdewata,X,1500,1700,800,1600,0.583,0.260176361,44.62716312,-21.26385942,0.08537916,14.64479588,7.915740297,3.047305232,
KCR_1643,MZB,Crunomys_celebensis,Crunomys,Crunomys,Crunomys,Gandangdewata,X,1500,1700,800,1600,0.608,0.276644021,45.5006614,-21.8748912,0.090576962,14.8975266,7.543796834,3.054242669,
JAE_5087,LSUMZ_39070,Echiothrix_leucura,Echiothrix,Echiothrix,Echiothrix,Ambang,X,1460,1500,800,1600,0.581,0.255693424,44.00919524,-22.53458811,0.088919662,15.30458902,4.998023067,2.875555507,
JAE_5046,MZB,Echiothrix_leucura,Echiothrix,Echiothrix,Echiothrix,Ambang,X,1460,1500,800,1600,0.615,0.272199288,44.26004684,-22.7607263,0.094350454,15.34153716,4.368240195,2.884981235,
KCR_2456,,Echiothrix_leucura,Echiothrix,Echiothrix,Echiothrix,Ambang,X,1460,1500,800,1600,0.58,0.252190994,43.4812058,-23.00578326,0.082959988,14.30344625,4.250758265,3.039911154,
ASA_278,MZB,Eropeplus_canus,Bunomys,Taeromys,Taeromys,Gandangdewata,X,1580,2640,1800,2300,0.624,0.281475203,45.10820557,-26.35311046,0.09173848,14.70167956,1.69807013,3.068234848,
ASA_332,MZB,Eropeplus_canus,Bunomys,Taeromys,Taeromys,Gandangdewata,X,1580,2640,1800,2300,0.598,0.273017433,45.65508909,-26.3437651,0.089498873,14.96636679,1.448937432,3.050512508,
ASA_306,MZB,Eropeplus_canus,Bunomys,Taeromys,Taeromys,Gandangdewata,X,1580,2640,1800,2300,0.6,0.273177255,45.52954243,-26.43482723,0.089005644,14.83427395,1.249650585,3.069212729,
JAE_4287,MZB,Eropeplus_canus,Bunomys,Taeromys,Taeromys,Gandangdewata,X,1580,2640,1800,2300,0.594,0.269931806,45.44306505,-26.38933457,0.088433555,14.8878038,0.393766901,3.052368615,
ASA_303,MZB,Eropeplus_canus,Bunomys,Taeromys,Taeromys,Gandangdewata,X,1580,2640,1800,2300,0.58,0.263308791,45.39806737,-25.23893199,0.087263568,15.04544272,0.283503028,3.017396578,
JAE_4421,MZB,Eropeplus_canus,Bunomys,Taeromys,Taeromys,Gandangdewata,X,1580,2640,1800,2300,0.617,0.281752227,45.66486665,-25.77725017,0.091719841,14.86545235,-0.10412797,3.071878714,
ASA_321,MZB,Eropeplus_canus,Bunomys,Taeromys,Taeromys,Gandangdewata,X,1580,2640,1800,2300,0.577,0.26170418,45.35601037,-25.87169228,0.08572796,14.85753208,-0.11900092,3.052728416,
KCR_2588,MV,Eropeplus_canus,Bunomys,Taeromys,Taeromys,Latimojong,X,1770,2322,1800,2300,0.605,0.27802579,45.95467598,-27.14132951,0.090360117,14.9355566,4.464200394,3.07686397,
JAE_4922,LSUMZ_38298,Haeromys_minahassae,Haeromys,Haeromys,Haeromys,Buliohuto,X,580,1375,50,150,0.625,0.338038099,54.08609586,-24.94267273,0.089689335,14.35029363,4.096511813,3.768988792,
JAE_4996,LSUMZ_38299,Haeromys_minahassae,Haeromys,Haeromys,Haeromys,Buliohuto,X,580,1375,50,150,0.618,0.33906594,54.86503887,-24.7952243,0.088379575,14.30090216,1.362489899,3.836473969,
JAE_4530,LSUMZ_37067,Haeromys_minahassae,Haeromys,Haeromys,Haeromys,Dako,X,410,1650,50,150,0.619,0.278084955,44.92487151,-24.71364563,0.092008549,14.86406281,1.042411364,3.022381705,
JLP_26023,MZB,Haeromys_minahassae,Haeromys,Haeromys,Haeromys,Dako,X,410,1650,50,150,0.576,0.220785207,38.33076509,-25.85273691,0.069712982,12.10294819,-0.186683627,3.167060165,unsure on mass
KCR_1398,MZB,Haeromys_minahassae,Haeromys,Haeromys,Haeromys,Gandangdewata,X,1580,2640,50,150,0.601,0.272512124,45.34311544,-24.06111445,0.08612808,14.3307954,3.465627847,3.16403341,
KCR_1486,MZB,Haeromys_minahassae,Haeromys,Haeromys,Haeromys,Gandangdewata,X,1580,2640,50,150,0.589,0.27041185,45.91033104,-23.34785972,0.084302179,14.31276386,2.072165336,3.207649583,
JAE_4588,LSUMZ_37060,Hyorhinomys_steumpkei,Echiothrix,Echiothrix,Echiothrix,Dako,X,1560,1630,1600,1600,0.585,0.264522204,45.21747077,-22.8997565,0.09169989,15.6751949,7.624078347,2.884651262,
KCR_1919,MZB,Hyorhinomys_steumpkei,Echiothrix,Echiothrix,Echiothrix,Dako,X,1560,1630,1600,1600,0.595,0.271969751,45.70920189,-22.72125687,0.089837624,15.09876029,7.526876946,3.027348008,
JAE_4518,LSUMZ_37059,Hyorhinomys_steumpkei,Echiothrix,Echiothrix,Echiothrix,Dako,X,1560,1630,1600,1600,0.607,0.26969989,44.43161288,-22.88739288,0.094018594,15.48905997,5.817002795,2.868580337,
JAE_5097,LSUMZ_39076,Lenomys_meyeri,Bunomys,Taeromys,Taeromys,Ambang,X,1400,1500,0,1160,0.618,0.275676557,44.60785718,-28.02502412,0.092704668,15.00075535,2.505744747,2.9737074,
JAE_5080,LSUMZ_39075,Lenomys_meyeri,Bunomys,Taeromys,Taeromys,Ambang,X,1400,1500,0,1160,0.588,0.263239205,44.7685723,-27.29985217,0.089504864,15.22191562,1.79591679,2.941060338,
KCR_2434,,Lenomys_meyeri,Bunomys,Taeromys,Taeromys,Ambang,X,1400,1500,0,1160,0.618,0.271034193,43.85666552,-26.17416196,0.089578254,14.49486312,0.577832095,3.025669518,
JAE_5105,LSUMZ_39077,Lenomys_meyeri,Bunomys,Taeromys,Taeromys,Ambang,X,1400,1500,0,1160,0.575,0.25984488,45.19041389,-28.48414617,0.087022646,15.13437325,0.327010624,2.985945512,
JAE_4352,MZB,Margaretamys_elegans,Margaretamys,Margaretamys,Margaretamys,Gandangdewata,X,2200,2600,1500,2272,0.586,0.26596888,45.3871809,-24.62411813,0.09090465,15.51273886,-0.676442516,2.925800615,
JAE_4404,,Margaretamys_elegans,Margaretamys,Margaretamys,Margaretamys,Gandangdewata,X,2200,2600,1500,2272,0.602,0.266045176,44.19355076,-24.18248339,0.088671229,14.72944,-1.286435707,3.000355124,
JAE_4344,MZB,Margaretamys_elegans,Margaretamys,Margaretamys,Margaretamys,Gandangdewata,X,2200,2600,1500,2272,0.595,0.268759949,45.16973932,-24.80569657,0.090709808,15.24534592,-1.877951857,2.96285434,
KCR_2618,MV,Margaretamys_elegans,Margaretamys,Margaretamys,Margaretamys,Latimojong,X,2250,2500,1500,2272,0.618,0.27799446,44.98292237,-25.26299877,0.09383777,15.18410525,2.858326799,2.962500696,
KCR_1365,MZB,Margaretamys_parvus,Margaretamys,Margaretamys,Margaretamys,Gandangdewata,X,2200,2500,1800,2272,0.581,0.264218294,45.4764706,-24.27528839,0.088207866,15.18207676,2.122837765,2.99540513,
KCR_1366,MZB,Margaretamys_parvus,Margaretamys,Margaretamys,Margaretamys,Gandangdewata,X,2200,2500,1800,2272,0.591,0.269684584,45.63190937,-24.40430321,0.089267686,15.10451536,1.884911628,3.02107736,
JAE_4403,,Margaretamys_parvus,Margaretamys,Margaretamys,Margaretamys,Gandangdewata,X,2200,2500,1800,2272,0.615,0.27003261,43.90774144,-24.05732782,0.086459452,14.0584475,1.247377987,3.123228326,
KCR_1346,MZB,Margaretamys_parvus,Margaretamys,Margaretamys,Margaretamys,Gandangdewata,X,2200,2500,1800,2272,0.586,0.266123344,45.41353985,-24.47679889,0.087776853,14.97898514,1.202862997,3.031816871,
JAE_4586,LSUMZ_37072,Maxomys_dollmani,Maxomys,Maxomys,Maxomys,Dako,X,1560,1630,500,1830,0.61,0.265056052,43.45181187,-25.09756928,0.092577685,15.17666971,1.703805536,2.863066318,
KCR_1956,MZB,Maxomys_dollmani,Maxomys,Maxomys,Maxomys,Dako,X,1560,1630,500,1830,0.608,0.275753123,45.35413215,-26.24341223,0.096296944,15.83831312,0.790719638,2.863570873,
KCR_2510,MV,Maxomys_dollmani,Maxomys,Maxomys,Maxomys,Latimojong,X,1770,2260,500,1830,0.618,0.274297432,44.3846978,-24.85059968,0.087699606,14.19087475,6.552249482,3.127692871,
KCR_2352,,Maxomys_hellwaldii,Maxomys,Maxomys,Maxomys,Ambang,X,1460,1460,0,1006,0.587,0.253774209,43.23240353,-23.84680334,0.083786943,14.27375525,3.965375454,3.028803757,
JAE_5071,MZB,Maxomys_hellwaldii,Maxomys,Maxomys,Maxomys,Ambang,X,1460,1460,0,1006,0.604,0.266609644,44.1406695,-23.94524188,0.089511778,14.81983074,3.618645805,2.97848675,
JAE_5103,LSUMZ_39084,Maxomys_hellwaldii,Maxomys,Maxomys,Maxomys,Ambang,X,1460,1460,0,1006,0.599,0.267903135,44.72506427,-23.60445559,0.089646556,14.96603599,3.610043631,2.988437573,
KCR_2182,MZB,Maxomys_hellwaldii,Maxomys,Maxomys,Maxomys,Buliohuto,X,480,1390,0,1006,0.575,0.252368041,43.89009414,-24.60034033,0.084959087,14.77549336,6.043298697,2.970465558,
JAE_4882,LSUMZ_38316,Maxomys_hellwaldii,Maxomys,Maxomys,Maxomys,Buliohuto,X,480,1390,0,1006,0.621,0.274753226,44.24367571,-24.05642191,0.092835152,14.94929979,5.408233318,2.959581809,
KCR_2249,MZB,Maxomys_hellwaldii,Maxomys,Maxomys,Maxomys,Buliohuto,X,480,1390,0,1006,0.602,0.267000633,44.35226456,-25.1679036,0.091519212,15.2025269,5.197795731,2.917427138,
KCR_2188,MZB,Maxomys_hellwaldii,Maxomys,Maxomys,Maxomys,Buliohuto,X,480,1390,0,1006,0.625,0.276479122,44.23665945,-24.57452754,0.094154103,15.06465643,5.009547025,2.936453257,
KCR_2283,MZB,Maxomys_hellwaldii,Maxomys,Maxomys,Maxomys,Buliohuto,X,480,1390,0,1006,0.6,0.265877193,44.31286545,-24.87184469,0.090367388,15.06123138,4.128588122,2.942180777,
KCR_2301,MZB,Maxomys_hellwaldii,Maxomys,Maxomys,Maxomys,Buliohuto,X,480,1390,0,1006,0.616,0.269509077,43.75147352,-24.80534947,0.090859736,14.74995722,3.449561388,2.966210199,
JAE_5039,MZB,Maxomys_musschenbroekii,Maxomys,Maxomys,Maxomys,Ambang,X,1460,1592,0,3000,0.586,0.262520337,44.79869224,-24.77648491,0.086469238,14.75584275,2.954641929,3.03599686,
JAE_5074,LSUMZ_39098,Maxomys_musschenbroekii,Maxomys,Maxomys,Maxomys,Ambang,X,1460,1592,0,3000,0.618,0.273068576,44.18585368,-24.83079513,0.089798539,14.53050795,2.796766744,3.040902205,
MTS_169,LSUMZ_39093,Maxomys_musschenbroekii,Maxomys,Maxomys,Maxomys,Ambang,X,1460,1592,0,3000,0.622,0.280190235,45.04666165,-24.52715306,0.091833112,14.76416588,2.713347315,3.051080705,
JAE_5065,LSUMZ_39097,Maxomys_musschenbroekii,Maxomys,Maxomys,Maxomys,Ambang,X,1460,1592,0,3000,0.596,0.266954859,44.79108371,-24.79754066,0.088500944,14.84915159,1.747915543,3.016406926,
MTS_122,LSUMZ_39091,Maxomys_musschenbroekii,Maxomys,Maxomys,Maxomys,Ambang,X,1460,1592,0,3000,0.575,0.257069347,44.7077126,-24.96907759,0.084188051,14.64140018,1.642750485,3.053513466,
MTS_157,LSUMZ_39092,Maxomys_musschenbroekii,Maxomys,Maxomys,Maxomys,Ambang,X,1460,1592,0,3000,0.583,0.262554432,45.0350655,-24.47023006,0.085967406,14.7456957,1.602618507,3.054116022,
JAE_5048,MZB,Maxomys_musschenbroekii,Maxomys,Maxomys,Maxomys,Ambang,X,1460,1592,0,3000,0.595,0.26740236,44.9415731,-24.54615091,0.088239991,14.83025051,0.971101515,3.030398782,
KCR_2793,MZB,Maxomys_musschenbroekii,Maxomys,Maxomys,Maxomys,Bawakaraeng,X,1660,2800,0,3000,0.584,0.271046731,46.41211143,-24.86721199,0.090124984,15.43236023,6.349393066,3.007453866,
KCR_2916,MZB,Maxomys_musschenbroekii,Maxomys,Maxomys,Maxomys,Bawakaraeng,X,1660,2800,0,3000,0.624,0.336716159,53.96092291,-24.26801387,0.09097238,14.57890711,5.824421265,3.701300961,
KCR_2710,MZB,Maxomys_musschenbroekii,Maxomys,Maxomys,Maxomys,Bawakaraeng,X,1660,2800,0,3000,0.584,0.271449718,46.48111613,-25.07542451,0.085892783,14.70766824,5.253097172,3.160332105,
KCR_2717,MZB,Maxomys_musschenbroekii,Maxomys,Maxomys,Maxomys,Bawakaraeng,X,1660,2800,0,3000,0.575,0.272955179,47.47046596,-25.45056993,0.089394165,15.54681139,4.710304344,3.053389198,
KCR_2824,MZB,Maxomys_musschenbroekii,Maxomys,Maxomys,Maxomys,Bawakaraeng,X,1660,2800,0,3000,0.602,0.27051011,44.93523424,-23.96535549,0.092626491,15.38646029,4.696710328,2.920440009,
KCR_2699,MZB,Maxomys_musschenbroekii,Maxomys,Maxomys,Maxomys,Bawakaraeng,X,1660,2800,0,3000,0.609,0.281885633,46.28663917,-24.36929778,0.096315123,15.81529119,3.32230696,2.926701672,
KCR_2180,MZB,Maxomys_musschenbroekii,Maxomys,Maxomys,Maxomys,Buliohuto,X,580,1375,0,3000,0.578,0.264603675,45.7791825,-24.69207583,0.091177429,15.77464169,6.112068282,2.902074315,
KCR_2184,MZB,Maxomys_musschenbroekii,Maxomys,Maxomys,Maxomys,Buliohuto,X,580,1375,0,3000,0.624,0.283054676,45.36132625,-23.96433744,0.093616585,15.00265785,5.565595667,3.023552673,
KCR_2174,MZB,Maxomys_musschenbroekii,Maxomys,Maxomys,Maxomys,Buliohuto,X,580,1375,0,3000,0.589,0.261810083,44.44992915,-24.77154413,0.087654204,14.88186819,5.341936372,2.98685142,
JAE_4934,LSUMZ_38340,Maxomys_musschenbroekii,Maxomys,Maxomys,Maxomys,Buliohuto,X,580,1375,0,3000,0.594,0.266170916,44.8099186,-24.95976777,0.088932502,14.9718017,4.908607964,2.992954322,
JAE_4872,LSUMZ_38336,Maxomys_musschenbroekii,Maxomys,Maxomys,Maxomys,Buliohuto,X,580,1375,0,3000,0.576,0.256237906,44.48574759,-24.92957883,0.08539422,14.82538546,4.127782653,3.000646946,
JAE_4629,MZB,Maxomys_musschenbroekii,Maxomys,Maxomys,Maxomys,Dako,X,560,1630,0,3000,0.578,0.260223089,45.02129563,-24.41362434,0.085230136,14.7456982,3.535709062,3.053181681,
KCR_1940,MZB,Maxomys_musschenbroekii,Maxomys,Maxomys,Maxomys,Dako,X,560,1630,0,3000,0.597,0.267088988,44.73852392,-24.20341671,0.086485401,14.48666692,3.435818548,3.088255165,
KCR_1908,MZB,Maxomys_musschenbroekii,Maxomys,Maxomys,Maxomys,Dako,X,560,1630,0,3000,0.625,0.278971349,44.63541579,-24.48344108,0.091102583,14.57641324,3.298391792,3.062167286,
JAE_4660,MZB,Maxomys_musschenbroekii,Maxomys,Maxomys,Maxomys,Dako,X,560,1630,0,3000,0.614,0.281315428,45.81684501,-24.28578934,0.090750397,14.78019503,3.180248439,3.099880949,
KCR_1944,MZB,Maxomys_musschenbroekii,Maxomys,Maxomys,Maxomys,Dako,X,560,1630,0,3000,0.619,0.283331206,45.772408,-24.39692189,0.092761731,14.98574004,2.905937555,3.054397573,
KCR_1938,MZB,Maxomys_musschenbroekii,Maxomys,Maxomys,Maxomys,Dako,X,560,1630,0,3000,0.585,0.261304298,44.66740141,-24.62292475,0.08449507,14.44360171,2.854071789,3.092538987,
JAE_4648,MZB,Maxomys_musschenbroekii,Maxomys,Maxomys,Maxomys,Dako,X,560,1630,0,3000,0.622,0.283569772,45.5899955,-24.85550381,0.09218014,14.81995828,2.500375548,3.07625667,
JLP_25844,MZB,Maxomys_musschenbroekii,Maxomys,Maxomys,Maxomys,Dako,X,560,1630,0,3000,0.59,0.268632009,45.53084906,-25.33658108,0.088210786,14.95098072,1.789569506,3.045341969,
JAE_4286,,Maxomys_musschenbroekii,Maxomys,Maxomys,Maxomys,Gandangdewata,X,1500,2640,0,3000,0.623,0.274131331,44.00181881,-24.39683433,0.089128023,14.30626372,4.897570662,3.075703039,
JAE_4309,,Maxomys_musschenbroekii,Maxomys,Maxomys,Maxomys,Gandangdewata,X,1500,2640,0,3000,0.581,0.245610362,42.27372843,-24.13939855,0.079295133,13.64804362,4.717688118,3.097420379,
KCR_1534,MZB,Maxomys_musschenbroekii,Maxomys,Maxomys,Maxomys,Gandangdewata,X,1500,2640,0,3000,0.625,0.27854478,44.56716479,-24.10758775,0.091025688,14.56411002,3.854524008,3.060067846,
JAE_4391,,Maxomys_musschenbroekii,Maxomys,Maxomys,Maxomys,Gandangdewata,X,1500,2640,0,3000,0.575,0.252592047,43.92905162,-24.3945242,0.081071118,14.09932485,3.104307878,3.115684765,
KCR_1358,MZB,Maxomys_musschenbroekii,Maxomys,Maxomys,Maxomys,Gandangdewata,X,1500,2640,0,3000,0.606,0.27307849,45.06245706,-23.96341994,0.089092033,14.70165564,2.231789416,3.065128049,
KCR_2574,MV,Maxomys_musschenbroekii,Maxomys,Maxomys,Maxomys,Latimojong,X,1700,2500,0,3000,0.622,0.279580213,44.94858723,-24.99761234,0.091506194,14.71160678,7.411884269,3.055314616,
KCR_2573,MV,Maxomys_musschenbroekii,Maxomys,Maxomys,Maxomys,Latimojong,X,1700,2500,0,3000,0.581,0.26079218,44.88677796,-25.02824523,0.084674788,14.5739739,6.389862901,3.079927154,
KCR_2482,MV,Maxomys_musschenbroekii,Maxomys,Maxomys,Maxomys,Latimojong,X,1700,2500,0,3000,0.592,0.261105645,44.10568333,-25.41913319,0.083791678,14.15399962,5.989475502,3.116128623,
KCR_2519,MV,Maxomys_musschenbroekii,Maxomys,Maxomys,Maxomys,Latimojong,X,1700,2500,0,3000,0.609,0.267900063,43.99015805,-24.80106653,0.085398609,14.02276002,5.093063774,3.137054187,
KCR_2499,MV,Maxomys_musschenbroekii,Maxomys,Maxomys,Maxomys,Latimojong,X,1700,2500,0,3000,0.61,0.26985184,44.23800661,-24.54805338,0.085333404,13.98908262,5.037052531,3.162323636,
KCR_2608,MV,Maxomys_musschenbroekii,Maxomys,Maxomys,Maxomys,Latimojong,X,1700,2500,0,3000,0.577,0.251567586,43.59923504,-25.11521457,0.081190739,14.0711853,4.817543759,3.098476362,
HH_701,MV,Maxomys_musschenbroekii,Maxomys,Maxomys,Maxomys,Latimojong,X,1700,2500,0,3000,0.608,0.26825919,44.12157725,-25.19478365,0.085437731,14.05225844,3.713769643,3.139821079,
JAE_4407,,Melasmothrix_naso,Echiothrix,Echiothrix,Echiothrix,Gandangdewata,X,2200,2640,1830,2286,0.6,0.263462477,43.91041287,-22.21923676,0.085706004,14.28433403,5.937474911,3.074025908,
KCR_1363,MZB,Melasmothrix_naso,Echiothrix,Echiothrix,Echiothrix,Gandangdewata,X,2200,2640,1830,2286,0.623,0.281897924,45.24846295,-22.09093418,0.091251527,14.64711504,5.777131298,3.089240635,
MTS_117,LSUMZ_39147,Paruromys_dominator,Bunomys,Taeromys,Taeromys,Ambang,X,1460,1472,0,3000,0.587,0.318935064,54.33306024,-24.8507381,0.108645018,18.50852103,2.005102207,2.935570062,
JAE_5064,LSUMZ_39148,Paruromys_dominator,Bunomys,Taeromys,Taeromys,Ambang,X,1460,1472,0,3000,0.579,0.258766607,44.69198745,-24.20005453,0.087634927,15.1355659,1.84852081,2.952779417,
KCR_2778,MZB,Paruromys_dominator,Bunomys,Taeromys,Taeromys,Bawakaraeng,X,1660,2550,0,3000,0.581,0.27465065,47.27205679,-24.55469655,0.093262776,16.05211282,5.512048385,2.94491182,
KCR_2832,MZB,Paruromys_dominator,Bunomys,Taeromys,Taeromys,Bawakaraeng,X,1660,2550,0,3000,0.576,0.324109045,56.26893148,-24.81089996,0.089145395,15.47663112,4.792969774,3.63573513,
KCR_2875,MZB,Paruromys_dominator,Bunomys,Taeromys,Taeromys,Bawakaraeng,X,1660,2550,0,3000,0.607,0.331483605,54.61014902,-24.45957209,0.09119426,15.02376612,4.196074756,3.634917408,
KCR_2723,MZB,Paruromys_dominator,Bunomys,Taeromys,Taeromys,Bawakaraeng,X,1660,2550,0,3000,0.622,0.334275036,53.74196725,-24.349834,0.092086975,14.80497988,2.909005289,3.629992589,
KCR_2752,MZB,Paruromys_dominator,Bunomys,Taeromys,Taeromys,Bawakaraeng,X,1660,2550,0,3000,0.583,0.327054051,56.09846501,-24.31930029,0.08961216,15.37086785,2.906931843,3.649661527,
KCR_2765,MZB,Paruromys_dominator,Bunomys,Taeromys,Taeromys,Bawakaraeng,X,1660,2550,0,3000,0.594,0.326798094,55.01651422,-24.7786548,0.089502333,15.06773277,2.449228826,3.651280193,
JAE_4869,LSUMZ_38354,Paruromys_dominator,Bunomys,Taeromys,Taeromys,Buliohuto,X,480,1375,0,3000,0.598,0.274865716,45.96416652,-24.99796927,0.096651445,16.16244903,5.678982897,2.843886248,
JAE_4942,LSUMZ_38359,Paruromys_dominator,Bunomys,Taeromys,Taeromys,Buliohuto,X,480,1375,0,3000,0.575,0.262652898,45.67876489,-24.85452554,0.08993228,15.64039659,4.364980777,2.920563083,
JAE_4884,LSUMZ_38357,Paruromys_dominator,Bunomys,Taeromys,Taeromys,Buliohuto,X,480,1375,0,3000,0.588,0.271157396,46.11520335,-24.92988989,0.093390032,15.88265857,4.202821698,2.903493967,
JAE_4883,LSUMZ_38356,Paruromys_dominator,Bunomys,Taeromys,Taeromys,Buliohuto,X,480,1375,0,3000,0.604,0.277805645,45.99431212,-24.81170025,0.096920503,16.04644084,3.960614464,2.86632485,
JAE_4870,LSUMZ_38355,Paruromys_dominator,Bunomys,Taeromys,Taeromys,Buliohuto,X,480,1375,0,3000,0.6,0.267689198,44.61486628,-25.31838432,0.092052017,15.34200282,3.883883177,2.908020994,
JAE_4943,LSUMZ_38360,Paruromys_dominator,Bunomys,Taeromys,Taeromys,Buliohuto,X,480,1375,0,3000,0.597,0.273888523,45.87747459,-25.09821166,0.095109819,15.9312929,2.489128052,2.879708186,
JAE_4508,,Paruromys_dominator,Bunomys,Taeromys,Taeromys,Gandangdewata,X,1580,2670,0,3000,0.612,0.27028458,44.16414713,-24.06020973,0.090986703,14.86710833,4.609915272,2.970594292,
KCR_2385,,Paruromys_dominator,Bunomys,Taeromys,Taeromys,Gandangdewata,X,1580,2670,0,3000,0.617,0.256445097,41.56322476,-23.41866708,0.082676461,13.39975054,3.408941738,3.101790936,
KCR_2412,,Paruromys_dominator,Bunomys,Taeromys,Taeromys,Gandangdewata,X,1580,2670,0,3000,0.601,0.26318111,43.79053412,-25.35599719,0.085023438,14.14699469,1.860214082,3.095394824,
KCR_2349,,Paruromys_dominator,Bunomys,Taeromys,Taeromys,Gandangdewata,X,1580,2670,0,3000,0.577,0.252925908,43.83464607,-24.5196207,0.083011181,14.38668643,1.14104567,3.046889655,
KCR_2488,MV,Paruromys_dominator,Bunomys,Taeromys,Taeromys,Latimojong,X,1700,2500,0,3000,0.582,0.244759785,42.05494593,-24.33072944,0.081034248,13.92341034,6.12558346,3.020448647,
HH_786,MV,Paruromys_dominator,Bunomys,Taeromys,Taeromys,Latimojong,X,1700,2500,0,3000,0.591,0.263811367,44.63813315,-24.9923968,0.086212941,14.58763814,4.864428889,3.059997289,
KCR_2613,MV,Paruromys_dominator,Bunomys,Taeromys,Taeromys,Latimojong,X,1700,2500,0,3000,0.625,0.287306538,45.96904607,-25.42835633,0.09802081,15.68332956,4.589776116,2.931076969,
KCR_2610,MV,Paruromys_dominator,Bunomys,Taeromys,Taeromys,Latimojong,X,1700,2500,0,3000,0.576,0.261676635,45.42997128,-25.06420087,0.089053534,15.46068292,3.630548023,2.938419441,
KCR_2614,MV,Paruromys_dominator,Bunomys,Taeromys,Taeromys,Latimojong,X,1700,2500,0,3000,0.58,0.255598286,44.06867002,-24.5382744,0.079999669,13.79304634,3.555458304,3.194991806,
KCR_2538,MV,Paruromys_dominator,Bunomys,Taeromys,Taeromys,Latimojong,X,1700,2500,0,3000,0.624,0.27447365,43.98616187,-25.20777347,0.090443995,14.4942299,2.88987441,3.034736041,
HH_766,MV,Paucidentomys_vermidax,Echiothrix,Echiothrix,Echiothrix,Latimojong,X,1700,2500,0,3000,0.601,0.261667757,43.53872834,-22.73305435,0.084833502,14.11539137,9.777326332,3.08448609,
KCR_2735,MZB,Rattus_botanus,Rattus,Rattus,Rattus,Bawakaraeng,X,1660,2635,600,2500,0.582,0.325819437,55.98272116,-25.54971826,0.089231476,15.3318687,5.951900969,3.651395813,
KCR_2863,MZB,Rattus_botanus,Rattus,Rattus,Rattus,Bawakaraeng,X,1660,2635,600,2500,0.617,0.333639662,54.07449949,-25.29523604,0.091803503,14.87901179,4.918168105,3.634280303,
KCR_2893,MZB,Rattus_botanus,Rattus,Rattus,Rattus,Bawakaraeng,X,1660,2635,600,2500,0.585,0.324830742,55.52662262,-25.39897771,0.088626686,15.14986083,3.727869095,3.665157274,
KCR_2729,MZB,Rattus_botanus,Rattus,Rattus,Rattus,Bawakaraeng,X,1660,2635,600,2500,0.625,0.33288183,53.26109277,-26.42757596,0.091552682,14.6484291,3.24301432,3.63595935,
KCR_2777,MZB,Rattus_botanus,Rattus,Rattus,Rattus,Bawakaraeng,X,1660,2635,600,2500,0.576,0.324164252,56.27851591,-24.94621569,0.088294979,15.3289894,2.656664299,3.671378094,
KCR_2776,MZB,Rattus_botanus,Rattus,Rattus,Rattus,Bawakaraeng,X,1660,2635,600,2500,0.612,0.32915691,53.78380875,-25.38507021,0.089970581,14.70107534,2.349985199,3.658494872,
KCR_2951,MZB,Rattus_exulans,Rattus,Rattus,Rattus,Bawakaraeng,X,2390,2800,0,3000,0.591,0.272441527,46.09839709,-24.3300756,0.091223029,15.43536871,6.643934023,2.986543307,
KCR_2994,MZB,Rattus_exulans,Rattus,Rattus,Rattus,Bawakaraeng,X,2390,2800,0,3000,0.589,0.327253797,55.56091638,-22.49548226,0.088964329,15.10430039,5.963310873,3.678483275,
KCR_2946,MZB,Rattus_exulans,Rattus,Rattus,Rattus,Bawakaraeng,X,2390,2800,0,3000,0.595,0.331165415,55.65805302,-23.46964473,0.090015105,15.12858916,4.579733948,3.678998249,
KCR_2964,MZB,Rattus_exulans,Rattus,Rattus,Rattus,Bawakaraeng,X,2390,2800,0,3000,0.575,0.321851609,55.97419289,-22.31698875,0.086284702,15.00603508,4.087738944,3.730112092,
KCR_2995,MZB,Rattus_exulans,Rattus,Rattus,Rattus,Bawakaraeng,X,2390,2800,0,3000,0.605,0.279091864,46.13088667,-22.78483529,0.093319132,15.42464994,3.638579499,2.990725031,
JAE_4642,LSUMZ_37119,Rattus_facetus,Rattus,Rattus,Rattus,Dako,X,1560,1630,0,3000,0.603,0.274401615,45.50607217,-24.90337035,0.093128754,15.44423778,5.345201866,2.946475755,
JAE_4579,MZB,Rattus_facetus,Rattus,Rattus,Rattus,Dako,X,1560,1630,0,3000,0.616,0.281685316,45.72813568,-26.17777566,0.09694595,15.73797896,-0.083843943,2.905591359,
KCR_1612,,Rattus_facetus,Rattus,Rattus,Rattus,Gandangdewata,X,2200,2200,0,3000,0.599,0.263508672,43.99143102,-23.71489104,0.087097389,14.54046559,3.200719306,3.025448584,
KCR_1636,,Rattus_facetus,Rattus,Rattus,Rattus,Gandangdewata,X,2200,2200,0,3000,0.613,0.271235769,44.2472707,-24.81292331,0.089204155,14.5520645,2.445353874,3.040618099,
KCR_1317,MZB,Rattus_facetus,Rattus,Rattus,Rattus,Gandangdewata,X,2200,2200,0,3000,0.575,0.263308676,45.79281323,-23.2796459,0.087208565,15.16670698,2.3512794,3.019298341,
ASA_323,MZB,Rattus_facetus,Rattus,Rattus,Rattus,Gandangdewata,X,2200,2200,0,3000,0.609,0.279615298,45.91384196,-24.12006257,0.093968975,15.43004523,1.432367706,2.975612921,
JAE_4318,,Rattus_facetus,Rattus,Rattus,Rattus,Gandangdewata,X,2200,2200,0,3000,0.6,0.265572731,44.26212179,-24.61846846,0.087022569,14.50376152,1.294894365,3.051768448,
ASA_340,MZB,Rattus_facetus,Rattus,Rattus,Rattus,Gandangdewata,X,2200,2200,0,3000,0.613,0.278057791,45.36016166,-23.40211664,0.094432462,15.40496935,0.754929453,2.944514893,
KCR_2480,MV,Rattus_facetus,Rattus,Rattus,Rattus,Latimojong,X,1700,2260,0,3000,0.625,0.25793156,41.26904957,-24.61442334,0.092484724,14.79755585,6.873079855,2.78890987,
KCR_2493,MV,Rattus_facetus,Rattus,Rattus,Rattus,Latimojong,X,1700,2260,0,3000,0.588,0.255848114,43.51158396,-25.69600577,0.082299217,13.99646551,3.977738254,3.108755131,
HH_702,MV,Rattus_facetus,Rattus,Rattus,Rattus,Latimojong,X,1700,2260,0,3000,0.598,0.270101848,45.16753307,-26.55256131,0.090629037,15.15535739,3.435118079,2.980301415,
KCR_2523,MV,Rattus_facetus,Rattus,Rattus,Rattus,Latimojong,X,1700,2260,0,3000,0.58,0.263026211,45.34934673,-25.94700848,0.086593833,14.92997126,3.143607382,3.037470464,
HH_698,MV,Rattus_facetus,Rattus,Rattus,Rattus,Latimojong,X,1700,2260,0,3000,0.599,0.258859428,43.21526343,-26.60904976,0.084866829,14.16808496,2.246012464,3.050183814,
MTS_124,MZB,Rattus_hoffmani,Rattus,Rattus,Rattus,Ambang,X,1460,1460,500,2500,0.616,0.273007461,44.31939298,-24.19347945,0.093599771,15.19476798,5.460575351,2.916753519,
JAE_5111,LSUMZ_39170,Rattus_hoffmani,Rattus,Rattus,Rattus,Ambang,X,1460,1460,500,2500,0.612,0.271914301,44.43044131,-25.53043056,0.092814487,15.16576591,5.098196939,2.929653641,
MTS_56,LSUMZ_39167,Rattus_hoffmani,Rattus,Rattus,Rattus,Ambang,X,1460,1460,500,2500,0.58,0.259266398,44.70110316,-26.90903499,0.089005412,15.34576061,4.365660352,2.912928482,
MTS_109,LSUMZ_39169,Rattus_hoffmani,Rattus,Rattus,Rattus,Ambang,X,1460,1460,500,2500,0.576,0.253800599,44.06260397,-25.37878463,0.08648408,15.01459725,4.14353211,2.934651075,
MTS_65,LSUMZ_39168,Rattus_hoffmani,Rattus,Rattus,Rattus,Ambang,X,1460,1460,500,2500,0.599,0.263139247,43.92975741,-25.78282353,0.089416106,14.92756356,3.645124936,2.942861856,
MTS_46,LSUMZ_39166,Rattus_hoffmani,Rattus,Rattus,Rattus,Ambang,X,1460,1460,500,2500,0.588,0.261252802,44.43074859,-26.22469622,0.088387114,15.03182206,1.78781351,2.955779307,
KCR_2165,MZB,Rattus_hoffmani,Rattus,Rattus,Rattus,Buliohuto,X,480,1200,500,2500,0.575,0.262245308,45.60787973,-25.13970401,0.090225857,15.6914534,4.630175033,2.906542726,
KCR_2183,MZB,Rattus_hoffmani,Rattus,Rattus,Rattus,Buliohuto,X,480,1200,500,2500,0.589,0.267129271,45.35301712,-24.15257824,0.091842927,15.59302667,4.582155538,2.90854483,
KCR_2223,MZB,Rattus_hoffmani,Rattus,Rattus,Rattus,Buliohuto,X,480,1200,500,2500,0.613,0.276811437,45.15684124,-23.72168003,0.094163137,15.36103371,4.353827125,2.939700681,
JAE_4931,LSUMZ_38371,Rattus_hoffmani,Rattus,Rattus,Rattus,Buliohuto,X,480,1200,500,2500,0.604,0.275343872,45.58673376,-24.87901313,0.094955292,15.7210749,4.249143202,2.899721174,
JAE_4871,LSUMZ_38367,Rattus_hoffmani,Rattus,Rattus,Rattus,Buliohuto,X,480,1200,500,2500,0.581,0.265296329,45.66201876,-24.53876767,0.090066809,15.50203255,3.963922257,2.945550437,
JLP_25843,LSUMZ_37120,Rattus_hoffmani,Rattus,Rattus,Rattus,Dako,X,410,1630,500,2500,0.579,0.261147596,45.10321176,-24.28400746,0.088860231,15.34719012,3.571059695,2.938857954,
JLP_25996,MZB,Rattus_hoffmani,Rattus,Rattus,Rattus,Dako,X,410,1630,500,2500,0.625,0.284410226,45.50563621,-24.32188525,0.093907141,15.02514252,3.517127431,3.028632583,
JLP_25985,MZB,Rattus_hoffmani,Rattus,Rattus,Rattus,Dako,X,410,1630,500,2500,0.61,0.275408172,45.14888074,-24.98381302,0.095168869,15.60145389,2.530563025,2.893889316,
JLP_25960,MZB,Rattus_hoffmani,Rattus,Rattus,Rattus,Dako,X,410,1630,500,2500,0.589,0.26751797,45.41901014,-25.66148436,0.08973423,15.23501356,2.453060404,2.981225448,
JLP_26013,MZB,Rattus_hoffmani,Rattus,Rattus,Rattus,Dako,X,410,1630,500,2500,0.593,0.268135178,45.21672485,-25.46614425,0.091419226,15.41639569,2.075254941,2.933028301,
JLP_25887,MZB,Rattus_hoffmani,Rattus,Rattus,Rattus,Dako,X,410,1630,500,2500,0.581,0.261588827,45.0238945,-25.41606331,0.090533917,15.58242971,1.729640417,2.889401417,
ASA_301,MZB,Rattus_hoffmani,Rattus,Rattus,Rattus,Gandangdewata,X,1580,2640,500,2500,0.6,0.268032683,44.67211391,-23.26119686,0.088754013,14.79233544,6.221438257,3.019950033,
KCR_2885,MZB,Rattus_mollicomulus,Rattus,Rattus,Rattus,Bawakaraeng,X,1600,2800,1100,2000,0.617,0.334081312,54.1460798,-23.20845065,0.091080723,14.7618676,7.93419264,3.667969477,
KCR_3008,MZB,Rattus_mollicomulus,Rattus,Rattus,Rattus,Bawakaraeng,X,1600,2800,1100,2000,0.619,0.334094361,53.97324089,-23.75455738,0.090960507,14.69475076,5.76316664,3.672960622,
HH_857,MZB,Rattus_mollicomulus,Rattus,Rattus,Rattus,Bawakaraeng,X,1600,2800,1100,2000,0.595,0.269887881,45.35930768,-24.57973897,0.090873982,15.27293807,5.591160274,2.969913678,
KCR_2953,MZB,Rattus_mollicomulus,Rattus,Rattus,Rattus,Bawakaraeng,X,1600,2800,1100,2000,0.62,0.33288183,53.69061771,-23.64221447,0.091074787,14.6894817,5.230139643,3.655038266,
KCR_2703,MZB,Rattus_mollicomulus,Rattus,Rattus,Rattus,Bawakaraeng,X,1600,2800,1100,2000,0.586,0.272621096,46.52237139,-25.28180791,0.089506879,15.27421139,5.140528098,3.045811676,
KCR_2904,MZB,Rattus_mollicomulus,Rattus,Rattus,Rattus,Bawakaraeng,X,1600,2800,1100,2000,0.621,0.290734653,46.81717442,-24.32914468,0.102541622,16.5123385,5.131500449,2.835284318,
KCR_2756,MZB,Rattus_mollicomulus,Rattus,Rattus,Rattus,Bawakaraeng,X,1600,2800,1100,2000,0.58,0.264469474,45.59818514,-24.05428635,0.091419368,15.76196005,2.509464418,2.89292607,
JAE_5091,MZB,Rattus_xanthurus,Rattus,Rattus,Rattus,Ambang,X,1460,1472,200,1000,0.594,0.263313642,44.32889597,-24.92497703,0.088871522,14.96153573,2.894955598,2.962857341,
MTS_203,MZB,Rattus_xanthurus,Rattus,Rattus,Rattus,Ambang,X,1460,1472,200,1000,0.618,0.278892234,45.12819319,-25.68460579,0.096002257,15.53434573,2.135389704,2.90505915,
MTS_193,MZB,Rattus_xanthurus,Rattus,Rattus,Rattus,Ambang,X,1460,1472,200,1000,0.586,0.359854123,61.40855335,-26.12519939,0.122262615,20.86392746,2.118755534,2.943288288,
JAE_5068,LSUMZ_39201,Rattus_xanthurus,Rattus,Rattus,Rattus,Ambang,X,1460,1472,200,1000,0.625,0.277758665,44.44138646,-23.96459385,0.094869463,15.17911403,2.018377337,2.927798445,
JAE_5104,LSUMZ_39204,Rattus_xanthurus,Rattus,Rattus,Rattus,Ambang,X,1460,1472,200,1000,0.592,0.264485492,44.67660346,-24.74822777,0.089655301,15.14447657,1.648703964,2.950026253,
MTS_132,LSUMZ_39197,Rattus_xanthurus,Rattus,Rattus,Rattus,Ambang,X,1460,1472,200,1000,0.575,0.257849969,44.84347293,-25.64035235,0.085892861,14.93788888,0.768466087,3.001995348,
JAE_5050,MZB,Rattus_xanthurus,Rattus,Rattus,Rattus,Ambang,X,1460,1472,200,1000,0.603,0.265472314,44.02525934,-25.38079779,0.08721671,14.46379942,0.369330758,3.043823969,
JAE_5005,LSUMZ_38373,Rattus_xanthurus,Rattus,Rattus,Rattus,Buliohuto,X,1375,1390,200,1000,0.579,0.265686788,45.88718279,-24.47556376,0.090615832,15.65040273,3.090536312,2.932012906,
JAE_4989,LSUMZ_38372,Rattus_xanthurus,Rattus,Rattus,Rattus,Buliohuto,X,1375,1390,200,1000,0.587,0.271497743,46.25174491,-24.27733561,0.092904638,15.82702525,1.937772654,2.922327108,
KCR_1298,MZB,Sommeromys_macrorhinos,Echiothrix,Echiothrix,Echiothrix,Gandangdewata,X,1590,2640,1600,2600,0.611,0.278735714,45.61959312,-24.93099568,0.09161464,14.99421283,4.14334144,3.04248003,
KCR_1516,MZB,Sommeromys_macrorhinos,Echiothrix,Echiothrix,Echiothrix,Gandangdewata,X,1590,2640,1600,2600,0.604,0.273102671,45.21567402,-25.97794912,0.08923792,14.77449014,3.246256085,3.060388113,
KCR_2644,MV,Sommeromys_macrorhinos,Echiothrix,Echiothrix,Echiothrix,Latimojong,X,1700,2260,1600,2600,0.606,0.2717117,44.83691414,-25.7150411,0.087590667,14.45390539,9.435911125,3.102062241,
KCR_2596,MV,Sommeromys_macrorhinos,Echiothrix,Echiothrix,Echiothrix,Latimojong,X,1700,2260,1600,2600,0.618,0.270376032,43.750167,-26.48562676,0.08745038,14.15054685,8.710947184,3.091765107,
MTS_180,MZB,Taeromys_callitrichus,Bunomys,Taeromys,Taeromys,Ambang,X,1460,1460,760,2260,0.615,0.267869184,43.55596486,-26.67461633,0.092990499,15.12040637,1.185666074,2.880608087,
JAE_4640,LSUMZ_37064,Taeromys_callitrichus,Bunomys,Taeromys,Taeromys,Dako,X,560,1600,760,2260,0.625,0.284817019,45.57072299,-25.22724833,0.094292623,15.08681963,2.253710688,3.020565242,
JAE_4668,LSUMZ_37066,Taeromys_callitrichus,Bunomys,Taeromys,Taeromys,Dako,X,560,1600,760,2260,0.616,0.276470546,44.88158209,-24.52905944,0.093435907,15.16816668,2.123756776,2.958932548,
JAE_4662,LSUMZ_37065,Taeromys_callitrichus,Bunomys,Taeromys,Taeromys,Dako,X,560,1600,760,2260,0.596,0.269879984,45.28187645,-24.23809521,0.092959063,15.09637805,1.729645724,2.999519242,
JAE_4639,LSUMZ_37063,Taeromys_callitrichus,Bunomys,Taeromys,Taeromys,Dako,X,560,1600,760,2260,0.609,0.312141909,51.25482908,-28.22444079,0.09233377,15.16153853,1.184161698,3.38058232,
JLP_25862,LSUMZ_37153,Taeromys_callitrichus,Bunomys,Taeromys,Taeromys,Dako,X,560,1600,760,2260,0.62,0.278901807,44.98416242,-30.40611055,0.095722992,15.43919225,0.683773695,2.91363445,
JAE_4519,LSUMZ_37062,Taeromys_callitrichus,Bunomys,Taeromys,Taeromys,Dako,X,560,1600,760,2260,0.603,0.275029798,45.61024846,-28.39877249,0.094583213,15.68544171,0.00968429,2.907807718,
KCR_1557,MZB,Taeromys_callitrichus,Bunomys,Taeromys,Taeromys,Gandangdewata,Cyt-B - bigears,1700,2640,1700,2640,0.605,0.470861912,77.82841527,-22.47683388,0.154685491,25.56784967,5.754503294,3.04399534,
KCR_1387,MZB,Taeromys_callitrichus,Bunomys,Taeromys,Taeromys,Gandangdewata,Cyt-B - bigears,1700,2640,1700,2640,0.62,0.280043199,45.16825796,-20.05916731,0.093486292,15.07843414,5.41952673,2.99555362,
KCR_1490,MZB,Taeromys_callitrichus,Bunomys,Taeromys,Taeromys,Gandangdewata,Cyt-B - bigears,1580,2670,0,3000,0.595,0.267449241,44.94945227,-21.99199995,0.088599876,14.8907355,5.318387397,3.018618676,
KCR_1291,MZB,Taeromys_callitrichus,Bunomys,Taeromys,Taeromys,Gandangdewata,Cyt-B - bigears,1700,2640,1700,2640,0.613,0.278016659,45.35345169,-21.54842628,0.091385764,14.90795496,4.726535909,3.042231602,
KCR_1335,MZB,Taeromys_callitrichus,Bunomys,Taeromys,Taeromys,Gandangdewata,Cyt-B - bigears,1700,2640,1700,2640,0.613,0.281234405,45.87836942,-21.28585074,0.091633813,14.94841967,4.201519914,3.069111682,
KCR_1386,MZB,Taeromys_callitrichus,Bunomys,Taeromys,Taeromys,Gandangdewata,X,1700,2640,1700,2640,0.625,0.281355869,45.01693906,-20.95344983,0.092488362,14.79813788,4.158823603,3.042067822,
KCR_2511,MV,Taeromys_callitrichus,Bunomys,Taeromys,Taeromys,Latimojong,X,1700,2500,760,2260,0.591,0.257066023,43.496789,-24.67051317,0.085221832,14.41993768,5.093661567,3.016433911,
KCR_2595,MV,Taeromys_callitrichus,Bunomys,Taeromys,Taeromys,Latimojong,X,1700,2500,760,2260,0.62,0.273883072,44.17468901,-23.4622582,0.093023971,15.00386637,4.205990118,2.944220371,
HH_752,MV,Taeromys_callitrichus,Bunomys,Taeromys,Taeromys,Latimojong,X,1700,2500,760,2260,0.609,0.267010052,43.84401509,-25.65655932,0.087999547,14.44984353,4.130225372,3.034220752,
ASA_352,MZB,Taeromys_celebensis,Bunomys,Taeromys,Taeromys,Gandangdewata,isotopes_elevation,1590,2500,0,1200,0.61,0.280342563,45.95779721,-22.8429821,0.093498108,15.32755876,1.969988374,2.998376841,
ASA_302,MZB,Taeromys_celebensis,Bunomys,Taeromys,Taeromys,Gandangdewata,isotopes_elevation,1590,2500,0,1200,0.619,0.281977301,45.55368356,-22.62568292,0.095905582,15.493632,1.44133913,2.940155257,
ASA_294,MZB,Taeromys_celebensis,Bunomys,Taeromys,Taeromys,Gandangdewata,isotopes_elevation,1590,2500,0,1200,0.604,0.278654192,46.13479993,-22.89379759,0.092653795,15.34003232,1.332716661,3.007477362,
ASA_339,MZB,Taeromys_celebensis,Bunomys,Taeromys,Taeromys,Gandangdewata,isotopes_elevation,1590,2500,0,1200,0.625,0.286639094,45.86225508,-23.00375697,0.096047285,15.3675656,1.212386804,2.984353949,
JAE_5095,LSUMZ_39226,Taeromys_tarae,Bunomys,Taeromys,Taeromys,Ambang,X,1460,1592,600,800,0.575,0.254140882,44.19841428,-25.24974396,0.079500775,13.82622166,3.838405267,3.196709512,
MTS_72,LSUMZ_39223,Taeromys_tarae,Bunomys,Taeromys,Taeromys,Ambang,Measurements,1460,1592,600,800,0.587,0.259038834,44.12927324,-25.22206835,0.082428287,14.04229761,3.708782192,3.142596352,
MTS_118,LSUMZ_39224,Taeromys_tarae,Bunomys,Taeromys,Taeromys,Ambang,X,1460,1592,600,800,0.582,0.251892886,43.2805646,-24.42794841,0.08482626,14.5749587,2.886218603,2.969515419,
JAE_5081,LSUMZ_39225,Taeromys_tarae,Bunomys,Taeromys,Taeromys,Ambang,Measurements,1460,1592,600,800,0.619,0.274736525,44.38392971,-24.78530146,0.094180459,15.21493688,2.015106131,2.917128745,
JAE_5079,MZB,Taeromys_tarae,Bunomys,Taeromys,Taeromys,Ambang,Measurements,1460,1592,600,800,0.62,0.274245241,44.23310339,-25.06071554,0.093933742,15.15060353,1.293916114,2.919560485,
JAE_5102,LSUMZ_39227,Taeromys_tarae,Bunomys,Taeromys,Taeromys,Ambang,X,1460,1592,600,800,0.613,0.274183565,44.72815084,-26.2874781,0.093013065,15.17342003,0.501480172,2.947796262,
KCR_1672,,Tateomys_macrocercus,Echiothrix,Echiothrix,Echiothrix,Gandangdewata,X,1590,2670,1600,2285,0.576,0.257215707,44.65550465,-23.03755535,0.081579105,14.16303899,5.121787378,3.152960653,
KCR_1339,MZB,Tateomys_macrocercus,Echiothrix,Echiothrix,Echiothrix,Gandangdewata,X,1590,2670,1600,2285,0.603,0.278012739,46.10493187,-23.72095058,0.088841101,14.73318423,5.058790013,3.129325687,
KCR_1361,MZB,Tateomys_macrocercus,Echiothrix,Echiothrix,Echiothrix,Gandangdewata,X,1590,2670,1600,2285,0.609,0.279106855,45.83035391,-23.62447586,0.089128935,14.6352931,4.929005888,3.131495461,
KCR_1304,MZB,Tateomys_macrocercus,Echiothrix,Echiothrix,Echiothrix,Gandangdewata,X,1590,2670,1600,2285,0.608,0.280218134,46.0885089,-24.17979733,0.089577661,14.73316791,4.220685952,3.12821446,
KCR_1549,MZB,Tateomys_macrocercus,Echiothrix,Echiothrix,Echiothrix,Gandangdewata,X,1590,2670,1600,2285,0.625,0.284641796,45.54268734,-22.42394356,0.09123529,14.59764638,4.08521805,3.11986509,
JAE_4299,MZB,Tateomys_rhinogradoides,Echiothrix,Echiothrix,Echiothrix,Gandangdewata,X,2200,2640,2100,2600,0.618,0.283603458,45.89052722,-22.79882676,0.092819115,15.01927431,5.481715348,3.055442377,
JAE_4360,,Tateomys_rhinogradoides,Echiothrix,Echiothrix,Echiothrix,Gandangdewata,X,2200,2640,2100,2600,0.585,0.25906979,44.28543423,-22.75616885,0.080889975,13.82734621,5.39115848,3.202742852,
KCR_1380,MZB,Tateomys_rhinogradoides,Echiothrix,Echiothrix,Echiothrix,Gandangdewata,X,2200,2640,2100,2600,0.608,0.276536755,45.48301891,-22.6276097,0.090479541,14.88150345,5.112357125,3.056345689,
JAE_4387,,Tateomys_rhinogradoides,Echiothrix,Echiothrix,Echiothrix,Gandangdewata,X,2200,2640,2100,2600,0.584,0.25992649,44.50796065,-22.6596017,0.083785631,14.34685457,4.456216631,3.102280045,
JAE_4333,MZB,Tateomys_rhinogradoides,Echiothrix,Echiothrix,Echiothrix,Gandangdewata,X,2200,2640,2100,2600,0.612,0.279151907,45.61305672,-22.70429727,0.091830147,15.00492597,4.390272214,3.03987216,
KCR_1357,MZB,Tateomys_rhinogradoides,Echiothrix,Echiothrix,Echiothrix,Gandangdewata,X,2200,2640,2100,2600,0.594,0.268215036,45.15404649,-22.29433699,0.087077195,14.65946039,3.961518905,3.080198403,
HH_821,MV,Tateomys_rhinogradoides,Echiothrix,Echiothrix,Echiothrix,Latimojong,X,2260,2518,2100,2600,0.624,0.285595468,45.76850445,-22.71685021,0.089509712,14.34450507,8.255064978,3.190664595,
KCR_2694,MV,Tateomys_rhinogradoides,Echiothrix,Echiothrix,Echiothrix,Latimojong,X,2260,2518,2100,2600,0.62,0.277690806,44.7888396,-22.46104347,0.090478386,14.59328803,7.239703196,3.069139696,
KCR_2484,MV,Tateomys_rhinogradoides,Echiothrix,Echiothrix,Echiothrix,Latimojong,X,2260,2518,2100,2600,0.585,0.255917262,43.74654057,-23.38486106,0.081666008,13.9600014,7.025091122,3.133706031,
KCR_1723,MZB,Waiomys_mamasae,Echiothrix,Echiothrix,Echiothrix,Gandangdewata,X,1600,1600,1600,1600,0.584,0.263872897,45.1837152,-23.78356927,0.084690386,14.50177845,5.776133773,3.11573614,